{"name":"augmented truncated dodecahedron","vertices":[[-3.13802,0.42357,0.00487],[-3.10423,-0.5106,0.3601],[-2.90197,1.00092,-0.77676],[-2.81349,-1.44478,0.15322],[-2.8135,1.35774,0.15322],[-2.72502,-1.08795,1.08319],[-2.48623,1.00092,-1.68625],[-2.37688,-2.02213,-0.53673],[-2.25461,1.93509,0.74846],[-2.14525,-1.08795,1.89797],[-2.04961,0.42357,-2.37619],[-1.96114,-2.02213,-1.44621],[-1.75888,-0.51061,-2.58306],[-1.72509,-1.44478,-2.22784],[-1.67484,1.9351,1.56324],[-1.72509,1.35774,-2.22785],[-1.58637,-0.5106,2.49322],[-1.58193,-2.59947,-0.72311],[-1.43879,2.51244,0.78161],[-1.29564,-1.44477,2.28634],[-1.29564,1.35775,2.28634],[-1.26184,0.42357,2.64156],[-0.96394,-1.08796,-2.76945],[-0.90926,1.93509,-2.1947],[-0.73232,-2.9563,-0.33474],[-0.67764,2.86926,0.24],[-0.5007,-2.02212,2.09995],[-0.44602,1.00092,2.67471],[-0.35038,2.51244,-1.59946],[-0.26191,2.86926,-0.66948],[-0.15255,-2.9563,0.48003],[-0.06408,-2.59947,1.41001],[0.03156,-1.08795,-2.86416],[0.08624,1.93509,-2.28941],[0.26319,-2.9563,-0.42945],[0.31786,2.86927,0.14529],[0.49481,-2.02212,2.00525],[0.54948,1.00093,2.58],[0.84739,-0.51061,-2.83101],[0.88118,-1.44478,-2.47579],[0.88118,1.35774,-2.47579],[1.02433,-2.59947,-0.97106],[1.16748,2.51245,0.53366],[1.17191,0.42357,-2.68267],[1.31063,-1.44477,2.0384],[1.26038,-2.02212,-1.75269],[1.31063,1.35775,2.0384],[1.34442,0.42357,2.39362],[1.54668,1.9351,1.25676],[1.63515,-0.5106,2.18674],[1.7308,1.00092,-2.08742],[1.84016,-2.02212,-0.93791],[1.96242,1.9351,0.34728],[2.07177,-1.08795,1.49679],[2.16147,1.19817,1.53779],[2.19526,0.264,1.89301],[2.31057,1.00092,-1.27264],[2.39904,-1.44477,-0.34267],[2.39904,1.35774,-0.34267],[2.48751,-1.08795,0.58731],[2.5772,1.19817,0.6283],[2.63188,-0.31335,1.20306],[2.68977,0.42357,-0.54954],[2.72356,-0.5106,-0.19432],[2.86794,0.264,0.42143]],"faces":[[34,30,24],[45,51,41],[36,26,31],[53,49,44],[16,9,19],[27,20,21],[1,3,5],[4,2,0],[11,17,7],[12,22,13],[62,56,58],[59,57,63],[43,40,50],[39,32,38],[23,28,33],[10,6,15],[25,35,29],[8,14,18],[48,52,42],[47,46,37],[54,48,46],[55,47,49],[61,53,59],[62,64,63],[60,58,52],[54,60,52,48],[55,54,46,47],[61,55,49,53],[64,61,59,63],[60,64,62,58],[60,54,55,61,64],[31,26,19,9,5,3,7,17,24,30],[59,53,44,36,31,30,34,41,51,57],[37,27,21,16,19,26,36,44,49,47],[8,4,0,1,5,9,16,21,20,14],[10,12,13,11,7,3,1,0,2,6],[39,45,41,34,24,17,11,13,22,32],[50,40,33,28,29,35,42,52,58,56],[45,39,38,43,50,56,62,63,57,51],[12,10,15,23,33,40,43,38,32,22],[4,8,18,25,29,28,23,15,6,2],[27,37,46,48,42,35,25,18,14,20]]}