{"name":"augmented triangular prism","vertices":[[-0.58679,0.32371,-0.26894],[0.26829,0.82371,-0.13171],[-0.06852,-0.49278,-0.52336],[-0.62558,-0.49278,0.30711],[-0.14611,0.32371,0.62873],[0.78656,0.00722,-0.38614],[0.37216,-0.49278,0.3743]],"faces":[[6,3,2],[3,0,2],[0,3,4],[2,5,6],[1,0,4],[6,4,3],[2,0,1,5],[5,1,4,6]]}