{"name":"augmented hexagonal prism","vertices":[[-1.19069,0.16162,0.17429],[-0.86827,-0.33838,-0.62948],[-0.70581,0.97811,-0.13913],[-0.64784,0.16162,1.01411],[-0.38339,0.47811,-0.9429],[-0.00299,-0.83838,-0.59343],[-0.16296,0.97811,0.7007],[0.21744,-0.33838,1.05017],[0.48188,-0.02189,-0.90684],[0.53986,-0.83838,0.2464],[0.99574,-0.83838,-0.64364],[0.70231,0.47811,0.73676],[1.02473,-0.02189,-0.06701]],"faces":[[5,10,9],[5,8,10],[9,10,12],[12,10,8],[1,0,2,4],[5,1,4,8],[7,9,12,11],[3,7,11,6],[0,3,6,2],[0,1,5,9,7,3],[11,12,8,4,2,6]]}