{"name":"augmented truncated cube","vertices":[[1.70912,-0.1308,-0.9803],[1.97024,-0.1308,-0.01499],[1.1304,0.44655,-1.55627],[1.7608,0.44656,0.77419],[0.57308,1.26305,-1.40551],[1.20348,1.26305,0.92494],[0.36364,1.8404,-0.61634],[0.62475,1.8404,0.34897],[0.96716,-0.53905,-1.51211],[1.59756,-0.53904,0.81834],[-0.37833,1.43215,-1.14815],[0.25207,1.43216,1.1823],[0.17899,-1.11639,-1.29891],[0.80939,-1.11639,1.03155],[-1.1665,0.85481,-0.93495],[-0.5361,0.85481,1.3955],[-0.19369,-1.52464,-0.46558],[0.06743,-1.52464,0.49973],[-0.77241,-0.94729,-1.04155],[-0.14201,-0.94729,1.28891],[-1.32973,-0.13079,-0.89079],[-0.69933,-0.13079,1.43966],[-1.53918,0.44656,-0.10162],[-1.27806,0.44656,0.86369],[-0.89911,-1.52464,0.24321],[-1.47783,-0.94729,-0.33276],[-1.10856,-0.94729,1.03239],[-1.68728,-0.36994,0.45641]],"faces":[[24,16,17],[26,19,21],[27,23,22],[25,20,18],[21,15,23],[5,7,11],[17,13,19],[1,3,9],[18,12,16],[2,0,8],[22,14,20],[6,4,10],[25,24,26,27],[24,25,18,16],[26,24,17,19],[27,26,21,23],[25,27,22,20],[23,15,11,7,6,10,14,22],[20,14,10,4,2,8,12,18],[16,12,8,0,1,9,13,17],[19,13,9,3,5,11,15,21],[4,6,7,5,3,1,0,2]]}