{"name":"augmented dodecahedron","vertices":[[0.11372,-1.2406,-0.49371],[-0.46874,-0.66326,-1.06591],[-0.87715,-1.2406,-0.3589],[1.02149,-0.82283,-0.45616],[0.07906,0.11134,-1.382],[-0.26497,-1.2406,0.43182],[1.00007,0.01272,-1.00516],[-1.2074,-0.30643,-0.49402],[-1.08147,-0.66326,0.43162],[1.20384,-0.56463,0.49256],[0.40876,-0.82283,1.04137],[-0.32105,0.94689,-1.00548],[-1.11612,0.68869,-0.45667],[1.16918,0.78732,-0.39574],[1.29512,0.43049,0.52991],[-0.91236,0.11134,1.04105],[0.35269,1.36467,-0.39593],[0.00866,0.01272,1.41789],[-0.93378,0.94689,0.49205],[0.55645,0.78732,1.10179],[-0.026,1.36467,0.5296]],"faces":[[2,0,5],[2,5,8],[2,1,0],[2,7,1],[7,2,8],[18,20,16,11,12],[6,4,11,16,13],[1,7,12,11,4],[8,15,18,12,7],[17,19,20,18,15],[14,13,16,20,19],[19,17,10,9,14],[15,8,5,10,17],[4,6,3,0,1],[13,14,9,3,6],[3,9,10,5,0]]}