{"name":"augmented tridiminished icosahedron","vertices":[[0.22041,0.65206,-0.53362],[0.35192,0.65206,0.45769],[0.35663,-0.28211,-0.86342],[-0.57234,0.65206,0.07593],[0.56942,-0.28211,0.74056],[0.57234,-0.85946,-0.07593],[-0.35192,-0.85946,-0.45769],[-0.92606,-0.28211,0.12286],[-0.22041,-0.85946,0.53362],[0,1.46855,0]],"faces":[[6,5,8],[5,4,8],[8,7,6],[6,2,5],[9,1,0],[9,0,3],[9,3,1],[8,4,1,3,7],[6,7,3,0,2],[1,4,5,2,0]]}