{"name":"augmented truncated tetrahedron","vertices":[[-0.88328,0.1633,-1.11047],[-0.31883,0.9798,-0.98912],[-1.15252,-0.38103,-0.31598],[-0.02362,1.25196,-0.07327],[-0.85731,-0.10886,0.59986],[0.0685,0.1633,-1.41727],[-0.29286,0.70763,0.72122],[-0.46998,-0.92536,0.17171],[-0.11573,-0.10887,1.27073],[0.65892,0.70763,0.41443],[0.75103,-0.38103,-0.92957],[0.48179,-0.92536,-0.13508],[0.27159,-0.92536,0.84258],[1.04624,-0.10887,-0.01372],[0.83605,-0.10887,0.96394]],"faces":[[12,7,11],[10,13,11],[14,13,9],[9,3,6],[0,1,5],[4,2,7],[6,4,8],[14,8,12],[12,8,4,7],[13,14,12,11],[14,9,6,8],[11,7,2,0,5,10],[13,10,5,1,3,9],[3,1,0,2,4,6]]}