{"name":"augmented pentagonal prism","vertices":[[-1.01057,0.15611,-0.39984],[-0.26667,-0.18325,-0.97555],[-0.86195,-0.18325,0.529],[0.34171,-0.73234,-0.40251],[-0.02619,-0.73234,0.52735],[-0.47372,0.97261,-0.18743],[0.27019,0.63325,-0.76314],[-0.32509,0.63325,0.74141],[0.96305,-0.73234,0.38104],[0.87857,0.08416,-0.1901],[0.51067,0.08415,0.73976]],"faces":[[3,8,4],[3,9,8],[4,8,10],[10,8,9],[1,0,5,6],[3,1,6,9],[2,4,10,7],[0,2,7,5],[0,1,3,4,2],[7,10,9,6,5]]}