{"name":"augmented sphenocorona","vertices":[[-0.2558,-0.55383,0.99276],[-0.5239,-0.55383,0.02937],[-0.66796,0.26266,0.58846],[-0.70991,0.32566,-0.40867],[-0.27696,-0.41042,-0.92899],[0.44447,-0.55383,0.27888],[0.30042,0.26266,0.83797],[0.69141,-0.41042,-0.67948],[-0.02502,0.85018,0.09709],[0.20424,0.45552,-0.79267],[0.81901,0.32566,-0.01473]],"faces":[[5,0,1],[9,3,8],[8,6,10],[8,3,2],[8,2,6],[6,5,10],[10,5,7],[3,1,2],[1,3,4],[7,9,10],[7,4,9],[9,4,3],[10,9,8],[6,0,5],[6,2,0],[0,2,1],[5,1,4,7]]}