{"name":"biaugmented pentagonal prism","vertices":[[0.02531,-0.79275,-0.50076],[0.84348,-0.24366,-0.3302],[-0.52627,-0.79275,0.33336],[-0.97285,-0.79275,-0.56138],[0.79756,0.0957,0.60934],[-0.04899,-0.24366,1.01944],[1.19859,0.66455,-0.10871],[-0.45627,0.02374,-0.81922],[0.3619,0.57283,-0.64865],[-1.00785,0.02374,0.01491],[0.31598,0.91219,0.29088],[-0.53057,0.57284,0.70099]],"faces":[[2,3,0],[2,9,3],[0,3,7],[7,3,9],[1,6,4],[1,8,6],[4,6,10],[10,6,8],[5,4,10,11],[2,5,11,9],[1,0,7,8],[4,5,2,0,1],[8,7,9,11,10]]}