{"name":"biaugmented triangular prism","vertices":[[-0.30275,-0.53898,0.53715],[-0.65953,-0.53898,-0.39704],[-0.75082,0.27751,0.17305],[0.32789,-0.53898,-0.23893],[0.56134,-0.03898,0.59504],[-0.12018,0.27751,-0.60303],[0.11327,0.77751,0.23094],[0.8308,0.32339,-0.29719]],"faces":[[3,0,1],[1,0,2],[1,2,5],[4,0,3],[2,6,5],[4,3,7],[4,7,6],[6,7,5],[7,3,5],[1,5,3],[0,4,6,2]]}