{"name":"biaugmented truncated cube","vertices":[[-1.39305,1.10517,0.04725],[-0.92946,1.27427,-0.82252],[-1.66461,0.28867,0.55675],[-1.35915,1.10517,1.04667],[-0.54542,0.69693,-1.54306],[-1.58507,-0.69692,0.40752],[-0.57702,1.68252,0.01957],[-0.46588,-0.28867,-1.69229],[-1.20102,-1.27427,-0.31302],[-0.54312,1.68252,1.019],[-0.73744,-1.10517,-1.18279],[-1.23262,-0.28867,1.24961],[-0.92716,0.52782,1.73954],[0.35015,0.28868,-1.71996],[0.30546,1.68252,0.48993],[0.11114,-1.10517,-1.71186],[-0.11114,1.10517,1.71186],[-0.30546,-1.68252,-0.48993],[-0.35015,-0.28867,1.71996],[0.92717,-0.52782,-1.73954],[1.23262,0.28868,-1.24961],[0.73744,1.10517,1.18279],[0.54312,-1.68252,-1.019],[1.20102,1.27427,0.31302],[0.46588,0.28867,1.69229],[0.57702,-1.68252,-0.01957],[1.58507,0.69692,-0.40752],[0.54542,-0.69692,1.54306],[1.35915,-1.10517,-1.04667],[1.66461,-0.28867,-0.55675],[0.92946,-1.27427,0.82252],[1.39305,-1.10517,-0.04725]],"faces":[[22,25,17],[15,10,7],[19,13,20],[28,29,31],[9,14,6],[3,0,2],[12,11,18],[16,24,21],[7,4,13],[0,6,1],[17,8,10],[11,2,5],[31,30,25],[24,18,27],[20,26,29],[14,21,23],[28,22,15,19],[22,28,31,25],[15,22,17,10],[19,15,7,13],[28,19,20,29],[16,9,3,12],[9,16,21,14],[3,9,6,0],[12,3,2,11],[16,12,18,24],[13,4,1,6,14,23,26,20],[29,26,23,21,24,27,30,31],[25,30,27,18,11,5,8,17],[10,8,5,2,0,1,4,7]]}