{"name":"bigyrate diminished rhombicosidodecahedron","vertices":[[-1.26453,-1.39817,-1.43005],[-1.81364,-0.56262,-1.41178],[-0.33817,-1.75499,-1.55067],[-1.77577,0.4325,-1.50284],[-1.30727,-1.81595,-0.5225],[-2.19576,-0.464,-0.49294],[-1.8828,-1.2386,0.05666],[-0.38092,-2.17277,-0.64312],[-2.15789,0.53112,-0.584],[0.61158,-1.4968,-1.72758],[-1.16539,1.2071,-1.66845],[-1.17815,-1.81594,0.46913],[-2.20063,0.11335,0.32354],[1.22197,-0.7222,-1.89319],[-0.21563,1.4653,-1.84536],[-1.88768,-0.66125,0.87314],[-0.2518,-2.17277,0.3485],[0.54242,-2.17277,-0.25914],[1.15582,-1.75499,-0.92936],[-1.78366,1.36667,-0.18174],[-1.17026,1.78445,-0.85197],[1.25984,0.27293,-1.98425],[0.71072,1.10848,-1.96598],[-1.18303,-1.23859,1.28561],[-1.82641,0.9489,0.7258],[1.7662,-0.98039,-1.09498],[-0.2205,2.04265,-1.02888],[-1.32004,-0.30442,1.61507],[0.31585,-1.81594,1.09043],[-1.03467,1.95444,0.1241],[1.11006,-1.81594,0.48279],[1.72346,-1.39817,-0.18743],[1.82748,0.62975,-1.24232],[1.27836,1.4653,-1.22405],[-0.25969,-1.23859,1.6696],[-1.28217,0.6907,1.52401],[-1.07741,1.53666,1.03164],[2.14043,-0.14484,-0.69272],[0.70283,2.04265,-0.64489],[-0.08491,2.21264,-0.05281],[-0.3967,-0.30442,1.99907],[1.10518,-1.23859,1.29928],[2.09768,-0.56262,0.21483],[1.8226,1.2071,-0.42584],[0.52965,-0.66124,1.87844],[-0.35883,0.69071,1.908],[-0.15407,1.53667,1.41563],[2.13555,0.43251,0.12376],[1.24707,1.78445,0.15332],[0.45932,1.95444,0.74541],[1.71556,-0.46399,1.13366],[1.14003,0.11336,1.71282],[0.59092,0.9489,1.73109],[1.75344,0.53113,1.0426],[1.20432,1.36668,1.06087]],"faces":[[7,17,16],[30,41,28],[18,25,31],[37,47,42],[4,11,6],[23,27,15],[34,44,40],[50,53,51],[5,12,8],[35,36,24],[45,52,46],[54,48,49],[19,29,20],[39,38,26],[33,43,32],[0,2,7,4],[17,30,28,16],[28,41,44,34],[18,31,30,17],[25,37,42,31],[42,47,53,50],[7,16,11,4],[11,23,15,6],[27,40,45,35],[34,40,27,23],[41,50,51,44],[51,53,54,52],[6,15,12,5],[12,24,19,8],[24,36,29,19],[45,46,36,35],[52,54,49,46],[49,48,38,39],[5,8,3,1],[20,26,14,10],[29,39,26,20],[38,48,43,33],[9,13,25,18],[22,33,32,21],[32,43,47,37],[2,9,18,17,7],[31,42,50,41,30],[16,28,34,23,11],[44,51,52,45,40],[15,27,35,24,12],[46,49,39,29,36],[8,19,20,10,3],[26,38,33,22,14],[21,32,37,25,13],[0,4,6,5,1],[43,48,54,53,47],[1,3,10,14,22,21,13,9,2,0]]}