{"name":"bilunabirotunda","vertices":[[-0.18629,0.93417,-0.49712],[0.79797,0.93418,-0.67386],[0.4589,0.93417,0.2669],[-0.90001,0.57735,0.1056],[-0.52197,0,-0.61811],[1.07059,0,-0.90408],[-0.25483,0.57735,0.86962],[0.25482,-0.57735,-0.86962],[-1.07059,0,0.90408],[0.52197,0,0.61811],[0.90002,-0.57735,-0.1056],[-0.4589,-0.93417,-0.2669],[-0.79797,-0.93417,0.67386],[0.18629,-0.93417,0.49712]],"faces":[[11,13,12],[7,11,4],[10,7,5],[13,10,9],[3,8,6],[4,3,0],[2,1,0],[9,2,6],[13,11,7,10],[6,2,0,3],[12,13,9,6,8],[11,12,8,3,4],[5,7,4,0,1],[10,5,1,2,9]]}