{"name":"cube","vertices":[[-0.69692,-0.5,-0.11957],[0.11957,-0.5,-0.69692],[-0.11957,-0.5,0.69692],[-0.69692,0.5,-0.11957],[0.69692,-0.5,0.11957],[0.11957,0.5,-0.69692],[-0.11957,0.5,0.69692],[0.69692,0.5,0.11957]],"faces":[[0,1,4,2],[0,2,6,3],[0,3,5,1],[1,5,7,4],[2,4,7,6],[3,6,7,5]]}