{"name":"cuboctahedron","vertices":[[-0.57735,-0.8165,0],[0.28867,-0.8165,-0.5],[0.28867,-0.8165,0.5],[-0.86603,0,0.5],[-0.86603,0,-0.5],[0.86603,0,-0.5],[0,0,-1],[0,0,1],[0.86603,0,0.5],[-0.28867,0.8165,0.5],[-0.28867,0.8165,-0.5],[0.57735,0.8165,0]],"faces":[[0,1,2],[0,3,4],[1,6,5],[2,8,7],[3,7,9],[4,10,6],[5,11,8],[9,11,10],[0,2,7,3],[0,4,6,1],[1,5,8,2],[3,9,10,4],[5,6,10,11],[7,8,11,9]]}