{"name":"decagonal prism","vertices":[[-0.62533,-1.53884,-0.33009],[0.33009,-1.53884,-0.62533],[-0.33009,-1.53884,0.62533],[-1.39828,-0.95106,-0.09124],[0.62533,-1.53884,0.33009],[1.10304,-0.95106,-0.86419],[-1.10304,-0.95106,0.86419],[-1.69353,0,0],[1.39829,-0.95106,0.09124],[1.39829,0,-0.95542],[-1.39829,0,0.95542],[-1.39829,0.95106,-0.09124],[1.69353,0,0],[1.10304,0.95106,-0.86419],[-1.10304,0.95106,0.86419],[-0.62533,1.53884,-0.33009],[1.39828,0.95106,0.09124],[0.33009,1.53884,-0.62533],[-0.33009,1.53884,0.62533],[0.62533,1.53884,0.33009]],"faces":[[0,1,4,2],[0,2,6,3],[1,5,8,4],[3,6,10,7],[5,9,12,8],[7,10,14,11],[9,13,16,12],[11,14,18,15],[13,17,19,16],[15,18,19,17],[0,3,7,11,15,17,13,9,5,1],[2,4,8,12,16,19,18,14,10,6]]}