{"name":"decagonal antiprism","vertices":[[-0.56339,-1.57182,-0.12621],[0.39099,-1.57182,-0.4248],[0.17239,-1.57182,0.55101],[-0.74371,-1.2641,0.80802],[-1.35155,-0.9865,0.06406],[1.14705,-0.9865,-0.71767],[1.07163,-1.2641,0.24006],[-1.32677,-0.45847,0.91293],[-1.67243,-0.03943,0.07334],[1.416,-0.03943,-0.89294],[1.61051,-0.45848,-0.00605],[-1.35408,0.53734,0.82566],[-1.40348,0.90764,-0.10194],[1.09512,0.90764,-0.88367],[1.5832,0.53734,-0.09332],[-0.8152,1.34296,0.57954],[-0.64742,1.49296,-0.3948],[0.30696,1.49296,-0.6934],[1.00014,1.34296,0.01158],[0.08403,1.65069,0.26859]],"faces":[[0,1,2],[0,2,3],[0,3,4],[1,5,6],[1,6,2],[3,7,4],[4,7,8],[5,9,10],[5,10,6],[7,11,8],[8,11,12],[9,13,14],[9,14,10],[11,15,12],[12,15,16],[13,17,18],[13,18,14],[15,19,16],[16,19,17],[17,19,18],[0,4,8,12,16,17,13,9,5,1],[2,6,10,14,18,19,15,11,7,3]]}