{"name":"diminished rhombicosidodecahedron","vertices":[[-1.091,-0.68071,1.81843],[-1.42435,-1.25806,1.07308],[-1.40564,0.25346,1.65013],[-0.27883,-1.25806,1.90241],[-1.945,-0.68071,0.44412],[-0.26727,-0.32389,2.25905],[-0.61218,-1.83541,1.15706],[-1.93344,0.25346,0.80076],[-0.5819,0.61029,2.09075],[-1.13999,-1.83541,0.3077],[-1.10256,1.18764,1.46179],[-1.66064,-1.25806,-0.32125],[0.72064,-1.25806,1.87],[-1.63037,1.18764,0.61243],[0.73221,-0.32389,2.22663],[-1.97528,-0.32389,-0.48956],[-1.96372,0.61029,-0.13292],[0.18128,-2.19223,0.664],[-0.34653,-2.19223,-0.18537],[0.22311,1.18764,1.95432],[1.005,-1.83541,1.10462],[-0.29755,1.76499,1.32537],[1.03528,0.61029,2.03831],[-1.18897,-1.25806,-1.20303],[-1.50361,-0.32388,-1.37133],[-1.15155,1.76499,-0.04893],[0.65294,-2.19223,-0.21778],[-1.4849,1.18764,-0.79428],[-0.37681,-1.8354,-1.11905],[0.70193,1.76499,1.29296],[-0.32782,2.12181,0.39169],[1.47667,-1.83541,0.22284],[-1.20054,0.61029,-1.55966],[1.51409,1.18764,1.37694],[-0.71016,-0.6807,-1.86439],[0.62267,-1.8354,-1.15146],[-0.67988,1.76499,-0.93071],[0.10201,-1.25806,-1.78041],[0.67165,2.12181,0.35928],[0.14385,2.12181,-0.49009],[-0.40709,0.25347,-2.05273],[1.95549,-1.25805,-0.43852],[-0.39552,1.18764,-1.69609],[1.98577,1.18764,0.49517],[1.42768,-1.25805,-1.28788],[1.46511,1.76499,-0.13379],[0.90703,-0.6807,-1.91683],[2.25856,-0.32388,-0.62685],[0.9373,1.76499,-0.98315],[0.59239,0.25347,-2.08514],[2.27013,0.61029,-0.27021],[0.60395,1.18764,-1.7285],[1.73076,-0.32388,-1.47622],[1.74947,1.18764,-0.89917],[1.41612,0.61029,-1.64452]],"faces":[[26,17,18],[6,1,9],[3,5,0],[8,10,2],[35,28,37],[23,24,34],[11,4,15],[7,13,16],[44,46,52],[49,51,54],[40,32,42],[27,25,36],[53,48,45],[39,30,38],[29,21,19],[31,20,17,26],[17,6,9,18],[9,1,4,11],[3,0,1,6],[5,8,2,0],[2,10,13,7],[26,18,28,35],[28,23,34,37],[34,24,32,40],[11,15,24,23],[4,7,16,15],[16,13,25,27],[35,37,46,44],[46,49,54,52],[54,51,48,53],[40,42,51,49],[32,27,36,42],[36,25,30,39],[44,52,47,41],[53,45,43,50],[48,39,38,45],[38,30,21,29],[12,14,5,3],[33,29,19,22],[19,21,10,8],[20,12,3,6,17],[0,2,7,4,1],[18,9,11,23,28],[15,16,27,32,24],[37,34,40,49,46],[42,36,39,48,51],[52,54,53,50,47],[45,38,29,33,43],[22,19,8,5,14],[31,26,35,44,41],[21,30,25,13,10],[41,47,50,43,33,22,14,12,20,31]]}