{"name":"disphenocingulum","vertices":[[-1.14806,0.38087,0.08173],[-0.86615,-0.34239,0.71214],[-0.85011,-0.50477,-0.27446],[-0.60861,0.84493,-0.62087],[-0.42568,0.55453,0.75107],[-0.31066,-0.04071,-0.97706],[-0.18398,-0.95812,0.31777],[-0.05316,-0.95812,-0.67364],[0.11377,1.01859,0.04847],[0.09265,-0.26769,0.98619],[0.34922,0.70311,-0.87079],[0.57009,0.5974,0.83229],[0.64369,-0.24613,-0.76019],[0.74001,-0.95812,-0.06463],[0.92032,0.4443,-0.09178],[1.01665,-0.26769,0.60379]],"faces":[[13,6,7],[9,15,11],[12,13,7],[15,14,11],[12,10,14],[12,7,5],[12,5,10],[10,5,3],[7,6,2],[5,7,2],[2,6,1],[2,1,0],[10,3,8],[10,8,14],[8,11,14],[8,4,11],[11,4,9],[9,1,6],[4,1,9],[0,1,4],[9,6,13,15],[15,13,12,14],[5,2,0,3],[3,0,4,8]]}