{"name":"dodecahedron","vertices":[[-0.71265,-1.11352,-0.46448],[0.22153,-1.11352,-0.8213],[-0.66197,-1.11352,0.53424],[-1.15309,-0.26287,-0.75154],[0.84956,-1.11352,-0.04311],[0.35843,-0.26287,-1.32889],[-1.07108,-0.26287,0.86441],[0.30353,-1.11352,0.79465],[-0.49112,0.26287,-1.28578],[-1.37461,0.26287,0.06976],[1.37461,-0.26287,-0.06976],[1.07108,0.26287,-0.86441],[-0.35843,0.26287,1.32889],[0.49112,-0.26287,1.28578],[-0.30353,1.11352,-0.79465],[-0.84956,1.11352,0.04311],[1.15309,0.26287,0.75154],[0.66197,1.11352,-0.53424],[-0.22153,1.11352,0.8213],[0.71265,1.11352,0.46448]],"faces":[[0,1,4,7,2],[0,2,6,9,3],[0,3,8,5,1],[1,5,11,10,4],[2,7,13,12,6],[3,9,15,14,8],[4,10,16,13,7],[5,8,14,17,11],[6,12,18,15,9],[10,11,17,19,16],[12,13,16,19,18],[14,15,18,19,17]]}