{"name":"elongated pentagonal pyramid","vertices":[[-0.02413,0.05365,-1.03542],[-0.30473,-0.741,-0.4971],[-0.64749,0.631,-0.50808],[0.86263,0.05365,-0.57318],[-0.92809,-0.16365,0.03024],[0.58203,-0.741,-0.03487],[-0.26166,-0.741,0.50197],[-0.14599,0.98783,0.28007],[0.78732,0.631,0.23983],[-0.42659,0.19317,0.81839],[0.50671,-0.16365,0.77815]],"faces":[[6,1,5],[6,5,10],[6,10,9],[6,9,4],[6,4,1],[1,0,3,5],[5,3,8,10],[10,8,7,9],[9,7,2,4],[4,2,0,1],[8,3,0,2,7]]}