{"name":"elongated pentagonal bipyramid","vertices":[[-0.34987,0.91373,-0.12769],[-0.18846,0.5569,0.79243],[-0.92014,0.11907,-0.33582],[0.58494,0.8151,0.21349],[-0.75873,-0.23775,0.5843],[0.36628,0.5569,-0.72753],[-0.20399,-0.23775,-0.93567],[0.62744,-0.02045,0.76126],[-0.58494,-0.8151,-0.21349],[0.97029,-0.02045,-0.17813],[0.05717,-0.8151,0.55313],[0.40002,-0.8151,-0.38626]],"faces":[[11,10,8],[7,9,3],[6,11,8],[9,5,3],[2,6,8],[5,0,3],[4,2,8],[0,1,3],[10,4,8],[1,7,3],[10,11,9,7],[11,6,5,9],[6,2,0,5],[2,4,1,0],[4,10,7,1]]}