{"name":"elongated triangular bipyramid","vertices":[[0.22193,0.711,-0.169],[0.98748,0.43883,-0.75198],[-0.52815,0.37766,0.4022],[0.14867,-0.1055,-0.74169],[-0.60141,-0.43883,-0.17049],[0.75452,-0.1055,0.05389],[-0.98748,-0.43883,0.75198],[0.00444,-0.43883,0.62509]],"faces":[[4,7,6],[5,3,1],[2,4,6],[3,0,1],[7,2,6],[0,5,1],[7,4,3,5],[4,2,0,3],[2,7,5,0]]}