{"name":"elongated square bipyramid","vertices":[[0.11957,0.69692,-0.5],[0.11957,0.69692,0.5],[0.9856,0.69692,0],[-0.69692,0.11957,-0.5],[-0.69692,0.11957,0.5],[0.69692,-0.11957,-0.5],[0.69692,-0.11957,0.5],[-0.9856,-0.69692,0],[-0.11957,-0.69692,-0.5],[-0.11957,-0.69692,0.5]],"faces":[[8,9,7],[6,5,2],[3,8,7],[5,0,2],[4,3,7],[0,1,2],[9,4,7],[1,6,2],[9,8,5,6],[8,3,0,5],[3,4,1,0],[4,9,6,1]]}