{"name":"elongated square cupola","vertices":[[-1.00452,0.83631,-0.25592],[-1.15837,0.01981,0.30055],[-0.75337,0.83631,0.71203],[-0.78694,0.25896,-1.0429],[-0.21419,1.41366,-0.46098],[-0.94079,-0.55754,-0.48642],[0.03695,1.41366,0.50697],[-0.58562,-0.55754,0.88247],[-0.18062,0.25896,1.29394],[0.00338,0.83631,-1.24795],[-0.36805,-1.13489,0.09549],[0.6097,0.83631,1.08888],[-0.2281,-0.55754,-1.18789],[0.37822,-0.55754,1.14894],[0.56223,0.01981,-1.39295],[0.34465,-1.13489,-0.60598],[0.5958,-1.13489,0.36197],[1.16855,0.01981,0.94388],[1.13498,-0.55754,-0.81104],[1.38612,-0.55754,0.15691]],"faces":[[10,15,16],[7,13,8],[1,2,0],[5,3,12],[2,6,4,0],[0,4,9,3],[3,9,14,12],[12,14,18,15],[15,18,19,16],[16,19,17,13],[13,17,11,8],[8,11,6,2],[5,10,7,1],[10,5,12,15],[7,10,16,13],[1,7,8,2],[5,1,0,3],[18,14,9,4,6,11,17,19]]}