{"name":"elongated pentagonal gyrobirotunda","vertices":[[0.77446,-1.90885,-0.03048],[0.09979,-1.90885,-0.76861],[-0.20211,-1.90885,0.18473],[1.54078,-1.3315,-0.31228],[1.23889,-1.3315,0.64106],[0.44915,-1.3315,-1.50658],[1.33973,-0.97468,-1.22456],[-0.34123,-1.3315,0.98929],[-0.52741,-1.3315,-1.29137],[0.54935,-0.97468,1.27132],[-1.0159,-1.3315,0.25117],[1.80416,-0.39733,-0.55301],[1.31568,-0.39733,0.98952],[-1.21695,-0.97468,-0.66111],[0.71253,-0.39733,-1.74732],[-0.78932,-0.53685,1.39886],[1.66504,0.18002,0.25155],[0.10127,-0.18002,1.68088],[-1.46399,-0.53685,0.66073],[-0.86759,-0.39733,-1.39909],[0.86759,0.39733,1.39909],[1.46399,0.53685,-0.66073],[-0.10126,0.18002,-1.68088],[-1.66504,-0.18002,-0.25155],[0.78932,0.53685,-1.39886],[-0.71253,0.39733,1.74732],[1.21695,0.97468,0.66111],[-1.31567,0.39733,-0.98953],[-1.80416,0.39733,0.55301],[1.0159,1.3315,-0.25117],[-0.54935,0.97468,-1.27132],[0.52742,1.3315,1.29136],[0.34124,1.3315,-0.98929],[-1.33973,0.97468,1.22456],[-0.44915,1.3315,1.50658],[-1.23888,1.3315,-0.64106],[-1.54078,1.3315,0.31228],[0.20211,1.90885,-0.18474],[-0.09979,1.90885,0.7686],[-0.77445,1.90885,0.03048]],"faces":[[0,2,1],[2,7,10],[1,8,5],[8,13,19],[5,14,6],[14,22,24],[6,11,3],[11,21,16],[3,4,0],[4,12,9],[33,25,34],[25,15,17],[34,31,38],[31,20,26],[38,37,39],[37,29,32],[39,35,36],[35,30,27],[36,28,33],[28,23,18],[24,32,29,21],[21,29,26,16],[16,26,20,12],[12,20,17,9],[9,17,15,7],[7,15,18,10],[10,18,23,13],[13,23,27,19],[19,27,30,22],[22,30,32,24],[0,1,5,6,3],[0,4,9,7,2],[1,2,10,13,8],[5,8,19,22,14],[6,14,24,21,11],[3,11,16,12,4],[33,34,38,39,36],[33,28,18,15,25],[34,25,17,20,31],[38,31,26,29,37],[39,37,32,30,35],[36,35,27,23,28]]}