{"name":"elongated pentagonal cupola","vertices":[[-1.48716,0.69987,0.05926],[-1.35573,0.34304,-0.86562],[-1.11398,0.69987,0.98702],[-1.15612,-0.23431,-0.0739],[-0.92396,1.49452,-0.16728],[-0.79252,1.1377,-1.09216],[-0.78294,-0.23431,0.85386],[-0.76988,-0.23431,-1.43435],[-0.55077,1.49452,0.76048],[-0.57027,-0.81166,-0.64263],[-0.37873,0.34304,1.56329],[-0.20668,0.56035,-1.66089],[0.03355,-0.81166,0.85852],[0.0466,-0.81166,-1.42969],[0.18448,1.1377,1.33674],[0.16498,-1.16848,-0.06636],[0.43776,-0.23431,1.56794],[0.60981,-0.017,-1.65623],[0.78185,-1.16848,-0.85343],[1.00096,0.56035,1.3414],[1.0236,-0.81166,0.99921],[1.15503,-1.16848,0.07433],[1.34506,-0.37382,-1.07997],[1.58681,-0.017,0.77267],[1.71824,-0.37382,-0.15221]],"faces":[[15,18,21],[12,20,16],[6,10,2],[3,0,1],[9,7,13],[2,8,4,0],[0,4,5,1],[1,5,11,7],[7,11,17,13],[13,17,22,18],[18,22,24,21],[21,24,23,20],[20,23,19,16],[16,19,14,10],[10,14,8,2],[15,9,13,18],[12,15,21,20],[6,12,16,10],[3,6,2,0],[9,3,1,7],[9,15,12,6,3],[22,17,11,5,4,8,14,19,23,24]]}