{"name":"elongated triangular orthobicupola","vertices":[[-0.95249,0.5,-0.30458],[-0.38832,1.3165,-0.42725],[-0.21247,0.5,-0.97717],[-0.95249,-0.5,-0.30458],[-0.74002,0.5,0.67259],[-0.17585,1.3165,0.54992],[-0.21247,-0.5,-0.97717],[-0.74002,-0.5,0.67259],[0.56417,1.3165,-0.12267],[-0.38832,-1.3165,-0.42725],[0.74002,0.5,-0.67259],[0.21247,0.5,0.97717],[-0.17585,-1.3165,0.54992],[0.74002,-0.5,-0.67259],[0.95249,0.5,0.30458],[0.21247,-0.5,0.97717],[0.56417,-1.3165,-0.12267],[0.95249,-0.5,0.30458]],"faces":[[9,16,12],[16,13,17],[12,15,7],[9,3,6],[8,1,5],[1,2,0],[5,4,11],[8,14,10],[16,9,6,13],[12,16,17,15],[9,12,7,3],[1,8,10,2],[5,1,0,4],[8,5,11,14],[7,4,0,3],[3,0,2,6],[6,2,10,13],[13,10,14,17],[17,14,11,15],[15,11,4,7]]}