{"name":"elongated pentagonal orthobicupola","vertices":[[-1.47401,0.39733,-0.73311],[-0.97068,-0.18002,-1.37601],[-1.6395,-0.39733,-0.14904],[-1.38272,0.97468,0.07827],[-0.55169,0.65553,-1.02061],[-1.13617,-0.97468,-0.79194],[-0.06498,-0.53684,-1.60487],[-1.5482,0.18002,0.66234],[-0.4604,1.23288,-0.20924],[0.35401,0.2987,-1.24947],[-0.23046,-1.3315,-1.0208],[-0.73167,1.3315,0.7482],[-0.89118,-0.97468,0.17759],[0.89715,-0.53684,-1.33227],[-0.89715,0.53684,1.33227],[-0.79988,-0.39733,0.98896],[0.50173,1.23288,0.06336],[0.01453,-1.3315,-0.05127],[1.00506,0.65553,-0.57954],[0.73167,-1.3315,-0.7482],[0.23046,1.3315,1.0208],[1.5482,-0.18002,-0.66234],[0.06498,0.53684,1.60487],[0.16225,-0.39733,1.26156],[0.66558,-0.97468,0.61866],[1.13616,0.97468,0.79194],[1.38272,-0.97468,-0.07827],[1.6395,0.39733,0.14904],[0.97068,0.18002,1.37601],[1.47402,-0.39733,0.73311]],"faces":[[17,10,19],[24,26,29],[23,28,22],[15,14,7],[12,2,5],[4,1,0],[8,3,11],[16,20,25],[18,27,21],[9,13,6],[17,12,5,10],[24,17,19,26],[23,24,29,28],[15,23,22,14],[12,15,7,2],[4,9,6,1],[8,4,0,3],[16,8,11,20],[18,16,25,27],[9,18,21,13],[22,20,11,14],[14,11,3,7],[7,3,0,2],[2,0,1,5],[5,1,6,10],[10,6,13,19],[19,13,21,26],[26,21,27,29],[29,27,25,28],[28,25,20,22],[12,17,24,23,15],[9,4,8,16,18]]}