{"name":"elongated triangular cupola","vertices":[[-0.94193,-0.2367,0.33582],[-0.76179,-0.2367,-0.64783],[-0.37402,-1.0532,0.43982],[-0.94193,0.7633,0.33582],[-0.19388,-1.0532,-0.54382],[-0.76179,0.7633,-0.64782],[-0.18014,-0.2367,0.98364],[-0.18014,0.7633,0.98364],[0.18014,-0.2367,-0.98364],[0.56791,-1.0532,0.104],[0.18014,0.7633,-0.98364],[0.76179,-0.2367,0.64782],[0.94193,-0.2367,-0.33582],[0.76179,0.7633,0.64783],[0.94193,0.7633,-0.33582]],"faces":[[4,9,2],[9,12,11],[2,6,0],[4,1,8],[0,3,5,1],[1,5,10,8],[8,10,14,12],[12,14,13,11],[11,13,7,6],[6,7,3,0],[9,4,8,12],[2,9,11,6],[4,2,0,1],[14,10,5,3,7,13]]}