{"name":"elongated square gyrobicupola","vertices":[[-0.14943,-1.27427,0.55768],[0.42792,-0.69692,1.13503],[-0.40825,-1.27427,-0.40825],[0.55768,-1.27427,-0.14943],[1.13503,-0.69692,0.42792],[0.9856,0.11957,0.9856],[-0.19692,-0.69692,-1.19692],[0.769,-0.69692,-0.9381],[1.34635,-0.11957,-0.36075],[1.19692,0.69692,0.19692],[0.36075,0.11957,-1.34635],[0.9381,0.69692,-0.769],[-0.42792,0.69692,-1.13503],[0.14943,1.27427,-0.55768],[-0.9856,-0.11957,-0.9856],[-0.80259,1.10517,-0.30259],[0.40825,1.27427,0.40825],[-1.36026,0.28868,-0.15316],[-0.54377,1.10517,0.66334],[-1.19692,-0.69692,-0.19692],[-1.10144,0.28868,0.81277],[0.19692,0.69692,1.19692],[-0.9381,-0.69692,0.769],[-0.36075,-0.11957,1.34635]],"faces":[[0,2,3],[1,4,5],[6,10,7],[8,11,9],[12,15,13],[14,19,17],[16,18,21],[20,22,23],[4,1,0,3],[7,3,2,6],[8,4,3,7],[9,5,4,8],[11,8,7,10],[17,15,12,14],[18,16,13,15],[20,18,15,17],[22,20,17,19],[23,21,18,20],[19,2,0,22],[14,6,2,19],[12,10,6,14],[13,11,10,12],[13,16,9,11],[16,21,5,9],[21,23,1,5],[23,22,0,1]]}