{"name":"elongated triangular pyramid","vertices":[[-0.46805,-0.68807,0.33803],[-0.46805,0.31193,0.33803],[-0.05872,-0.68807,-0.57436],[-0.05872,0.31193,-0.57436],[0.52677,-0.68807,0.23632],[0,1.12843,0],[0.52677,0.31193,0.23632]],"faces":[[0,2,4],[5,3,1],[5,1,6],[5,6,3],[3,2,0,1],[1,0,4,6],[6,4,2,3]]}