{"name":"elongated pentagonal gyrocupolarotunda","vertices":[[0.48938,-1.22458,-1.2419],[-0.19958,-0.64722,-1.68008],[1.08681,-0.42992,-1.13422],[0.80555,-1.5814,-0.36286],[0.39785,0.14743,-1.5724],[-0.45161,-1.22457,-0.90345],[1.40299,-0.78674,-0.25518],[1.18387,0.5652,-1.11673],[-0.99817,-0.06987,-1.51002],[-0.13543,-1.5814,-0.02441],[0.62817,-1.5814,0.62128],[-0.40074,0.72478,-1.40234],[-1.2502,-0.64722,-0.73339],[1.69545,-0.01215,0.30559],[1.22561,-0.78674,0.72896],[1.56003,0.8234,-0.22687],[0.87107,1.40075,-0.66505],[-1.60136,0.28695,-0.79669],[-0.73862,-1.22457,0.68893],[-0.10827,1.49938,-0.84157],[-1.42758,-0.64722,0.25075],[0.02499,-1.22457,1.33462],[-1.00392,1.0816,-0.689],[1.38265,0.8234,0.75727],[0.62242,-0.42992,1.4423],[-1.77874,0.28695,0.18746],[0.26789,1.75758,0.04828],[-0.7736,-0.64722,1.50467],[0.71948,0.5652,1.45979],[-1.1813,1.0816,0.29514],[-1.46257,-0.06987,1.0665],[0.58406,1.40075,0.92732],[-0.17617,0.14743,1.61235],[-0.39528,1.49938,0.75081],[-0.86513,0.72478,1.17418]],"faces":[[9,3,10],[18,21,27],[20,30,25],[12,17,8],[5,1,0],[15,7,16],[7,2,4],[16,19,26],[19,11,22],[26,33,31],[33,29,34],[31,28,23],[28,32,24],[23,13,15],[13,14,6],[9,5,0,3],[18,9,10,21],[20,18,27,30],[12,20,25,17],[5,12,8,1],[25,29,22,17],[17,22,11,8],[8,11,4,1],[1,4,2,0],[0,2,6,3],[3,6,14,10],[10,14,24,21],[21,24,32,27],[27,32,34,30],[30,34,29,25],[5,9,18,20,12],[15,16,26,31,23],[15,13,6,2,7],[16,7,4,11,19],[26,19,22,29,33],[31,33,34,32,28],[23,28,24,14,13]]}