{"name":"elongated triangular gyrobicupola","vertices":[[-0.91692,-0.5,0.39908],[-0.91692,0.5,0.39908],[-0.80407,-0.5,-0.59453],[-0.57366,-1.3165,-0.06515],[-0.80407,0.5,-0.59453],[-0.11284,-0.5,0.99361],[-0.34325,1.3165,0.46423],[-0.11284,0.5,0.99361],[-0.23041,1.3165,-0.52938],[0.23041,-1.3165,0.52938],[0.11284,-0.5,-0.99361],[0.34325,-1.3165,-0.46423],[0.11284,0.5,-0.99361],[0.80407,-0.5,0.59453],[0.57366,1.3165,0.06515],[0.80407,0.5,0.59453],[0.91691,-0.5,-0.39908],[0.91692,0.5,-0.39908]],"faces":[[3,11,9],[11,10,16],[9,13,5],[3,0,2],[14,8,6],[8,12,4],[6,1,7],[14,15,17],[11,3,2,10],[9,11,16,13],[3,9,5,0],[8,14,17,12],[6,8,4,1],[14,6,7,15],[5,7,1,0],[0,1,4,2],[2,4,12,10],[10,12,17,16],[16,17,15,13],[13,15,7,5]]}