{"name":"elongated pentagonal orthobirotunda","vertices":[[0.77496,-1.90885,0.01213],[1.20178,-1.3315,0.70818],[1.55562,-1.3315,-0.22712],[-0.21196,-1.90885,0.17335],[0.14188,-1.90885,-0.76196],[0.47865,-0.97468,1.29959],[1.40501,-0.97468,-1.14907],[-0.39509,-1.3315,0.96904],[0.53127,-1.3315,-1.47962],[1.2593,-0.39733,1.06034],[1.83183,-0.39732,-0.45302],[-1.02817,-1.3315,0.19496],[-0.45564,-1.3315,-1.3184],[1.6487,0.18003,0.34268],[0.00873,-0.18002,1.68391],[0.80748,-0.39733,-1.70552],[-0.86501,-0.53685,1.35336],[0.78938,0.39733,1.44466],[-1.17878,-0.97468,-0.72699],[1.49809,0.53685,-0.57928],[-1.49809,-0.53685,0.57927],[1.17877,0.97468,0.72699],[-0.78939,-0.39733,-1.44466],[0.86501,0.53685,-1.35336],[-0.06762,0.8151,1.74635],[-0.00873,0.18002,-1.68391],[-1.6487,-0.18003,-0.34268],[-1.48135,0.23775,1.21151],[1.02817,1.3315,-0.19496],[-1.2593,0.39733,-1.06034],[-0.98854,1.0733,1.45439],[0.39509,1.3315,-0.96904],[0.56243,1.74927,0.58514],[-0.47865,0.97468,-1.29959],[-0.20788,1.65065,1.21514],[-1.72504,0.8151,-0.28024],[-1.62162,1.0733,0.6803],[-0.46191,1.74927,-0.66736],[-0.35849,2.00747,0.29318],[-1.23223,1.65065,-0.03736]],"faces":[[0,3,4],[3,7,11],[4,12,8],[12,18,22],[8,15,6],[15,25,23],[6,10,2],[10,19,13],[2,1,0],[1,9,5],[30,24,34],[24,14,17],[34,32,38],[32,21,28],[38,37,39],[37,31,33],[39,35,36],[35,29,26],[36,27,30],[27,20,16],[23,31,28,19],[19,28,21,13],[13,21,17,9],[9,17,14,5],[5,14,16,7],[7,16,20,11],[11,20,26,18],[18,26,29,22],[22,29,33,25],[25,33,31,23],[0,4,8,6,2],[0,1,5,7,3],[4,3,11,18,12],[8,12,22,25,15],[6,15,23,19,10],[2,10,13,9,1],[30,34,38,39,36],[30,27,16,14,24],[34,24,17,21,32],[38,32,28,31,37],[39,37,33,29,35],[36,35,26,20,27]]}