{"name":"elongated pentagonal rotunda","vertices":[[-1.59484,0.03007,0.10338],[-1.29944,-0.90411,-0.09677],[-1.34092,0.60742,-0.67263],[-1.23231,-0.54728,0.83499],[-1.2738,0.96424,0.25913],[-0.86296,-0.9041,-0.99649],[-0.8886,0.03007,-1.35239],[-0.83837,1.40207,-1.01315],[-0.50043,-1.48145,-0.26488],[-0.77124,1.75889,-0.0814],[-0.68722,0.03007,1.44289],[-0.71286,0.96424,1.08699],[-0.38604,0.82472,-1.69291],[-0.39182,-0.9041,1.24273],[-0.0896,-0.54728,-1.5205],[0.06051,-1.48145,0.56297],[-0.2103,1.75889,0.74646],[0.41296,0.24737,-1.86102],[0.12763,0.60742,1.49473],[0.49698,-1.48145,-0.33674],[0.75089,-0.9041,-1.11276],[0.6056,-0.9041,1.17087],[0.63019,1.40207,1.15421],[0.92663,0.03007,1.32662],[1.25345,-0.10945,-1.45328],[1.31183,-0.9041,-0.2849],[1.37896,-0.54728,0.64686],[1.42919,0.82472,0.98609],[1.81439,-0.10945,-0.62542],[1.88152,0.24738,0.30633]],"faces":[[8,19,15],[19,20,25],[15,21,13],[21,26,23],[13,10,3],[10,18,11],[3,0,1],[0,4,2],[1,5,8],[5,6,14],[11,16,9,4],[4,9,7,2],[2,7,12,6],[6,12,17,14],[14,17,24,20],[20,24,28,25],[25,28,29,26],[26,29,27,23],[23,27,22,18],[18,22,16,11],[8,15,13,3,1],[8,5,14,20,19],[15,19,25,26,21],[13,21,23,18,10],[3,10,11,4,0],[1,0,2,6,5],[24,17,12,7,9,16,22,27,29,28]]}