{"name":"elongated pentagonal gyrobicupola","vertices":[[-1.2202,-0.97468,0.6551],[-1.66626,-0.18002,0.24333],[-0.87448,-0.39733,1.39479],[-1.32054,0.39733,0.98302],[-1.01465,-1.3315,-0.25618],[-1.46071,-0.53685,-0.66795],[-0.24471,-0.97468,0.87513],[-0.10956,0.18003,1.68036],[-0.55562,0.97468,1.26859],[-1.19852,0.39733,-0.42592],[-0.85281,0.97468,0.31377],[-0.03916,-1.3315,-0.03615],[0.52022,-0.39733,1.1607],[-0.33635,-1.3315,-0.99097],[-0.78241,-0.53685,-1.40274],[0.78241,0.53685,1.40274],[0.33635,1.3315,0.99097],[-0.52022,0.39733,-1.1607],[0.03916,1.3315,0.03615],[0.85281,-0.97468,-0.31377],[1.19852,-0.39733,0.42592],[0.55562,-0.97468,-1.26859],[0.10956,-0.18002,-1.68036],[0.24471,0.97468,-0.87513],[1.46071,0.53685,0.66795],[1.01465,1.3315,0.25618],[1.32054,-0.39733,-0.98302],[0.87448,0.39733,-1.39479],[1.66626,0.18002,-0.24333],[1.2202,0.97468,-0.6551]],"faces":[[11,4,13],[19,21,26],[20,28,24],[12,15,7],[6,2,0],[9,5,1],[10,3,8],[18,16,25],[23,29,27],[17,22,14],[11,6,0,4],[19,11,13,21],[20,19,26,28],[12,20,24,15],[6,12,7,2],[9,17,14,5],[10,9,1,3],[18,10,8,16],[23,18,25,29],[17,23,27,22],[24,25,16,15],[15,16,8,7],[7,8,3,2],[2,3,1,0],[0,1,5,4],[4,5,14,13],[13,14,22,21],[21,22,27,26],[26,27,29,28],[28,29,25,24],[6,11,19,20,12],[17,9,10,18,23]]}