{"name":"elongated pentagonal orthocupolarotunda","vertices":[[1.1581,-1.22457,-0.66379],[0.85566,-1.5814,0.22007],[0.89401,-0.64722,-1.4364],[1.55725,-0.42992,-0.20641],[0.21196,-1.22457,-0.98754],[1.25481,-0.78674,0.67745],[-0.09048,-1.5814,-0.10368],[1.29316,0.14743,-0.97901],[0.10221,-1.5814,0.87758],[0.16426,-0.06987,-1.80265],[1.60495,0.14743,0.6087],[-0.51779,-0.64722,-1.35379],[0.50136,-0.78674,1.33496],[0.56341,0.72478,-1.34526],[-1.00715,-1.22457,0.07633],[1.17764,1.0816,-0.64141],[-0.81445,-1.22457,1.05759],[1.37033,1.0816,0.33985],[-1.27124,-0.64722,-0.69628],[-0.75241,0.28695,-1.62264],[1.06789,0.72478,1.22371],[0.38584,0.14743,1.67257],[-0.4153,-0.42992,1.51498],[-0.35326,1.0816,-1.16525],[-1.5442,-0.64722,0.69134],[0.64058,1.65895,-0.02639],[-1.50585,0.28695,-0.96513],[-1.80829,-0.06987,-0.08127],[0.15123,1.0816,1.40372],[-1.14505,0.14743,1.14873],[-0.30556,1.65895,-0.35014],[-1.1067,1.0816,-0.50774],[-0.11286,1.65895,0.63112],[-1.40914,0.72478,0.37612],[-0.79491,1.0816,1.07997]],"faces":[[6,1,8],[14,16,24],[18,27,26],[11,19,9],[4,2,0],[20,10,17],[10,5,3],[17,15,25],[15,7,13],[25,30,32],[30,23,31],[32,34,28],[34,33,29],[28,21,20],[21,22,12],[6,4,0,1],[14,6,8,16],[18,14,24,27],[11,18,26,19],[4,11,9,2],[26,31,23,19],[19,23,13,9],[9,13,7,2],[2,7,3,0],[0,3,5,1],[1,5,12,8],[8,12,22,16],[16,22,29,24],[24,29,33,27],[27,33,31,26],[4,6,14,18,11],[20,17,25,32,28],[20,21,12,5,10],[17,10,3,7,15],[25,15,13,23,30],[32,30,31,33,34],[28,34,29,22,21]]}