{"name":"elongated square pyramid","vertices":[[0.51274,0.77436,0.19895],[0.9268,-0.04214,-0.2034],[-0.18414,0.77436,-0.51824],[0.22992,-0.04214,-0.92058],[-0.07284,0.19701,0.76795],[0.34122,-0.61949,0.36561],[-0.76973,0.19701,0.05076],[-0.35566,-0.61949,-0.35158],[-0.62832,-0.61949,0.61053]],"faces":[[8,7,5],[8,5,4],[8,4,6],[8,6,7],[1,3,2,0],[7,3,1,5],[5,1,0,4],[4,0,2,6],[6,2,3,7]]}