{"name":"gyrate bidiminished rhombicosidodecahedron","vertices":[[-0.71382,-0.16334,1.92654],[-0.52836,-1.09752,1.6217],[-1.56814,-0.16335,1.40681],[-1.38269,-1.09752,1.10196],[0.26745,-0.00377,2.03449],[-0.35709,0.77083,1.93473],[0.4529,-0.93794,1.72965],[-1.73942,0.77083,1.09378],[-2.01655,-0.52017,0.58729],[0.12844,-1.67487,1.13664],[-0.99095,1.34818,1.42005],[-1.2539,-1.67487,0.29569],[1.0301,0.57358,1.74289],[0.40556,1.34818,1.64313],[-2.18782,0.414,0.27426],[-0.31997,-2.03169,0.31712],[1.33017,-0.93794,1.24965],[-1.88775,-1.09752,-0.21899],[-0.2283,1.92553,1.12846],[1.0057,-1.67486,0.65664],[1.6869,-0.00376,1.25783],[1.28283,1.34818,1.16313],[-1.23095,-1.67487,-0.70405],[0.5573,-2.03169,-0.16288],[-2.16488,0.414,-0.72548],[-0.29703,-2.03169,-0.68262],[-1.97943,-0.52017,-1.03032],[1.76835,-1.09751,0.36504],[1.93963,0.77083,0.67807],[0.25722,2.28235,0.33037],[2.12508,-0.16334,0.37323],[1.19115,1.92553,0.3518],[-1.32263,-1.09752,-1.51538],[1.04282,-1.67486,-0.96097],[-1.67936,0.77083,-1.52357],[1.79129,-1.09751,-0.6347],[0.18849,-1.67486,-1.48071],[-1.49391,-0.16334,-1.82841],[1.84795,1.34818,-0.13326],[0.28017,2.28235,-0.66937],[2.14802,-0.16334,-0.62651],[-0.44536,-1.09752,-1.99538],[1.21409,1.92553,-0.64794],[-0.91671,1.34818,-1.81516],[-0.16824,1.92553,-1.48889],[1.97674,0.77083,-0.93954],[-0.61664,-0.16334,-2.30841],[1.34289,1.34818,-1.45422],[-0.25991,0.77083,-2.30022],[0.48856,1.34818,-1.97395]],"faces":[[25,23,15],[27,16,19],[30,28,20],[21,13,12],[22,11,17],[3,2,8],[9,6,1],[4,5,0],[32,26,37],[42,31,38],[36,33,23,25],[23,19,9,15],[19,16,6,9],[30,20,16,27],[28,21,12,20],[12,13,5,4],[25,15,11,22],[11,3,8,17],[8,2,7,14],[1,0,2,3],[6,4,0,1],[5,13,18,10],[22,17,26,32],[26,24,34,37],[32,37,46,41],[43,44,49,48],[39,29,31,42],[35,40,30,27],[47,42,38,45],[38,31,21,28],[33,35,27,19,23],[20,12,4,6,16],[15,9,1,3,11],[0,5,10,7,2],[17,8,14,24,26],[37,34,43,48,46],[44,39,42,47,49],[45,38,28,30,40],[36,25,22,32,41],[31,29,18,13,21],[44,43,34,24,14,7,10,18,29,39],[41,46,48,49,47,45,40,35,33,36]]}