{"name":"gyrate rhombicosidodecahedron","vertices":[[0.12528,1.22285,-1.86414],[-0.85402,1.22285,-1.66173],[0.58087,1.8002,-1.18657],[-1.00367,1.8002,-0.85907],[-0.11686,2.15702,-0.5654],[0.05306,0.28867,-2.21358],[0.93987,0.6455,-1.91991],[-0.92625,0.28867,-2.01117],[1.39546,1.22285,-1.24234],[-1.62398,0.6455,-1.39],[1.24581,1.8002,-0.43967],[-1.77363,1.22285,-0.58734],[0.54808,2.15702,0.18149],[-1.31803,1.8002,0.09023],[-0.43122,2.15702,0.3839],[0.39179,-0.6455,-2.10141],[1.2786,-0.28868,-1.80774],[-1.19276,-0.6455,-1.77391],[2.01576,0.6455,-0.71141],[-1.89048,-0.28868,-1.15274],[1.86611,1.22285,0.09126],[-0.37817,-1.22285,-1.82967],[-2.13262,0.6455,0.146],[1.94354,-0.28868,-1.06084],[0.73716,1.8002,1.09633],[-1.67703,1.22285,0.82357],[-0.24214,1.8002,1.29874],[1.01209,-1.22285,-1.57047],[-2.20485,-0.28868,-0.20343],[-1.55175,-1.22285,-1.04057],[1.55175,1.22285,1.04056],[2.22625,-0.1291,-0.115],[-1.01209,1.22285,1.57047],[0.24214,-1.8002,-1.29874],[2.0766,0.44825,0.68766],[1.67703,-1.22285,-0.82358],[-0.73716,-1.8002,-1.09633],[-1.94354,0.28867,1.06084],[0.37816,1.22285,1.82967],[-1.86611,-1.22285,-0.09126],[-2.01577,-0.6455,0.7114],[1.19275,0.6455,1.7739],[1.95974,-1.06327,0.12226],[-1.2786,0.28867,1.80774],[-0.39179,0.6455,2.1014],[0.43122,-2.15702,-0.3839],[1.7176,-0.1291,1.42101],[1.31803,-1.8002,-0.09024],[-0.54808,-2.15702,-0.1815],[-1.24581,-1.8002,0.43967],[1.64538,-1.06327,1.07157],[-1.39546,-1.22285,1.24234],[0.92625,-0.28867,2.01117],[-0.93987,-0.6455,1.91991],[-0.05306,-0.28867,2.21358],[0.11686,-2.15702,0.5654],[1.00367,-1.8002,0.85907],[-0.58087,-1.8002,1.18657],[0.85402,-1.22285,1.66173],[-0.12528,-1.22285,1.86414]],"faces":[[48,45,55],[35,42,47],[23,18,31],[20,30,34],[49,57,51],[59,54,53],[56,50,58],[46,41,52],[39,40,28],[37,25,22],[43,44,32],[38,24,26],[29,19,17],[9,1,7],[11,13,3],[14,12,4],[36,21,33],[15,16,27],[5,0,6],[2,10,8],[36,33,45,48],[45,47,56,55],[47,42,50,56],[23,31,42,35],[18,20,34,31],[34,30,41,46],[48,55,57,49],[57,59,53,51],[53,54,44,43],[58,52,54,59],[50,46,52,58],[41,30,24,38],[49,51,40,39],[40,37,22,28],[22,25,13,11],[43,32,25,37],[44,38,26,32],[26,24,12,14],[39,28,19,29],[19,9,7,17],[7,1,0,5],[11,3,1,9],[13,14,4,3],[4,12,10,2],[29,17,21,36],[21,15,27,33],[27,16,23,35],[5,6,16,15],[0,2,8,6],[8,10,20,18],[33,27,35,47,45],[31,34,46,50,42],[55,56,58,59,57],[52,41,38,44,54],[51,53,43,37,40],[32,26,14,13,25],[28,22,11,9,19],[3,4,2,0,1],[17,7,5,15,21],[6,8,18,23,16],[36,48,49,39,29],[10,12,24,30,20]]}