{"name":"gyroelongated pentagonal cupola","vertices":[[-1.12361,-1.2466,-0.43489],[-0.45066,-1.55432,0.23775],[-1.21003,-0.969,0.52192],[-0.22087,-1.55432,-0.73549],[-1.66528,-0.44097,-0.19498],[0.50708,-1.55432,-0.04986],[-0.27771,-0.75531,0.81366],[-1.48098,-0.02193,0.69409],[0.69813,-1.2466,-0.98196],[0.68003,-0.75531,0.52605],[-1.63898,0.55484,-0.1074],[-0.54866,0.19176,0.98583],[1.29738,-0.969,-0.23107],[-1.16001,0.92514,0.6885],[1.28235,-0.44097,-1.08016],[1.00101,0.19176,0.52046],[-1.05476,1.36046,-0.2056],[0.24163,0.77708,0.80462],[1.61835,-0.02193,-0.23666],[-0.36972,1.51047,0.5073],[1.30865,0.55484,-0.99258],[-0.13576,1.66819,-0.45207],[1.3474,0.92514,-0.06448],[0.58803,1.51047,0.21968],[0.76698,1.36046,-0.75268]],"faces":[[1,3,5],[5,3,8],[5,8,12],[12,8,14],[12,14,18],[18,14,20],[18,20,22],[22,20,24],[22,24,23],[23,24,21],[15,18,22],[17,23,19],[11,13,7],[6,2,1],[9,5,12],[23,21,19],[19,21,16],[19,16,13],[13,16,10],[13,10,7],[7,10,4],[7,4,2],[2,4,0],[2,0,1],[1,0,3],[15,9,12,18],[17,15,22,23],[11,17,19,13],[6,11,7,2],[9,6,1,5],[9,15,17,11,6],[20,14,8,3,0,4,10,16,21,24]]}