{"name":"gyroelongated square bipyramid","vertices":[[0.38121,0.38494,0.61909],[-0.23108,0.78714,-0.0616],[-0.57662,0.10055,0.57808],[0.63881,0.38494,-0.34716],[1.05789,-0.26965,0.28203],[-1.05789,0.26965,-0.28203],[0.15013,-0.58604,0.55749],[-0.21232,0.10055,-0.78841],[-0.55787,-0.58604,-0.14873],[0.40773,-0.58604,-0.40876]],"faces":[[6,8,9],[9,8,7],[9,7,3],[3,7,1],[3,1,0],[0,1,2],[0,2,6],[6,2,8],[6,9,4],[9,3,4],[3,0,4],[0,6,4],[7,8,5],[1,7,5],[2,1,5],[8,2,5]]}