{"name":"gyroelongated triangular cupola","vertices":[[-0.17533,-0.88328,0.4702],[-0.74398,-0.88328,-0.35238],[0.25272,-0.88328,-0.43355],[0.80808,-0.72439,0.38274],[-1.04478,-0.3893,0.46341],[-0.30338,-0.3893,-1.10194],[-0.26828,-0.02768,0.97943],[0.71514,0.13121,0.89196],[0.58782,-0.02768,-0.82808],[1.14319,0.13121,-0.0118],[-0.90497,0.59866,0.52963],[-0.16357,0.59866,-1.03572],[0.06683,0.82792,0.5849],[0.49488,0.82792,-0.31886],[-0.46436,1.09264,-0.21994]],"faces":[[0,1,2],[2,1,5],[2,5,8],[8,5,11],[8,11,13],[13,11,14],[3,9,7],[9,8,13],[7,12,6],[3,0,2],[13,14,12],[12,14,10],[12,10,6],[6,10,4],[6,4,0],[0,4,1],[9,3,2,8],[7,9,13,12],[3,7,6,0],[11,5,1,4,10,14]]}