{"name":"gyroelongated square pyramid","vertices":[[-0.39444,0.4149,0.50931],[-0.08211,0.8171,-0.35133],[-0.80915,0.13051,-0.35506],[0.57932,0.4149,0.28172],[-0.44887,-0.55608,0.27644],[0.22148,-0.23969,0.94765],[0.56795,0.13051,-0.67692],[-0.15908,-0.55608,-0.68066],[0.52489,-0.55608,0.04885]],"faces":[[4,7,8],[8,7,6],[8,6,3],[3,6,1],[3,1,0],[0,1,2],[0,2,4],[4,2,7],[4,8,5],[8,3,5],[3,0,5],[0,4,5],[1,6,7,2]]}