{"name":"gyroelongated pentagonal birotunda","vertices":[[0.34635,-1.85418,0.65805],[0.68821,-1.85418,-0.2817],[0.95094,-1.27683,1.20681],[1.50407,-1.27682,-0.31374],[1.66645,-0.92,0.60621],[-0.29657,-1.85418,-0.10789],[-0.03384,-1.27683,1.38063],[0.86115,-1.27683,-1.07967],[1.28626,-0.34265,1.32879],[1.8394,-0.34265,-0.19176],[-1.07411,-1.27683,0.14132],[-0.73225,-1.27683,-0.79843],[-0.91173,-0.92001,1.06128],[-0.01674,-0.92,-1.39903],[-0.30714,-0.34265,1.61004],[0.79913,-0.34265,-1.43106],[0.50872,0.2347,1.578],[1.40372,0.2347,-0.8823],[1.22424,0.59152,0.9774],[1.5661,0.59152,0.03765],[-1.45431,-0.63959,-0.52904],[-1.54866,-0.452,0.44867],[-0.89841,-0.452,-1.33885],[-1.14545,0.03912,1.22081],[-0.09332,0.03912,-1.67144],[-0.39867,0.64618,1.49247],[0.65346,0.64619,-1.39978],[0.40642,1.13731,1.15988],[1.05668,1.13731,-0.62764],[0.96232,1.3249,0.35007],[-1.56342,0.22397,-1.02133],[-1.7161,0.5275,0.56063],[-0.26075,1.01863,-1.55948],[-0.50779,1.50975,1.00019],[0.39167,1.81328,-0.31011],[-1.72522,0.94528,-0.34787],[-1.16933,1.13287,-1.15768],[-1.322,1.4364,0.42428],[-0.42255,1.73993,-0.88602],[-0.51691,1.92753,0.09168]],"faces":[[0,5,1],[5,10,11],[1,7,3],[7,13,15],[3,9,4],[9,17,19],[4,8,2],[8,18,16],[2,6,0],[6,14,12],[35,31,37],[31,21,23],[37,33,39],[33,25,27],[39,34,38],[34,29,28],[38,32,36],[32,26,24],[36,30,35],[30,22,20],[17,28,19],[19,28,29],[19,29,18],[18,29,27],[18,27,16],[16,27,25],[16,25,14],[14,25,23],[14,23,12],[12,23,21],[12,21,10],[10,21,20],[10,20,11],[11,20,22],[11,22,13],[13,22,24],[13,24,15],[15,24,26],[15,26,17],[17,26,28],[0,1,3,4,2],[0,6,12,10,5],[1,5,11,13,7],[3,7,15,17,9],[4,9,19,18,8],[2,8,16,14,6],[35,37,39,38,36],[35,30,20,21,31],[37,31,23,25,33],[39,33,27,29,34],[38,34,28,26,32],[36,32,24,22,30]]}