{"name":"gyroelongated triangular bicupola","vertices":[[-0.91821,-0.4278,-0.39609],[-0.99324,0.4278,0.11609],[-0.59715,0.4278,-0.80213],[-0.53013,1.2443,-0.22868],[-0.80213,-0.4278,0.59715],[-0.11609,-0.4278,-0.99324],[-0.57345,-1.2443,0.06702],[-0.39609,0.4278,0.91821],[0.39609,0.4278,-0.91821],[0.06702,1.2443,0.57345],[0.46311,1.2443,-0.34477],[0.22868,-1.2443,-0.53013],[0.11608,-0.4278,0.99324],[0.80213,-0.4278,-0.59715],[0.34476,-1.2443,0.46311],[0.59715,0.4278,0.80213],[0.99324,0.4278,-0.11608],[0.91821,-0.4278,0.39609]],"faces":[[11,14,6],[14,17,12],[6,4,0],[11,5,13],[9,10,3],[10,16,8],[3,2,1],[9,7,15],[4,1,0],[0,1,2],[0,2,5],[5,2,8],[5,8,13],[13,8,16],[13,16,17],[17,16,15],[17,15,12],[12,15,7],[12,7,4],[4,7,1],[14,11,13,17],[6,14,12,4],[11,6,0,5],[10,9,15,16],[3,10,8,2],[9,3,1,7]]}