{"name":"gyroelongated square cupola","vertices":[[-0.59375,-1.2224,-0.54106],[-0.29041,-1.2224,0.41182],[0.38314,-1.2224,-0.32732],[-1.18354,-0.84225,0.17141],[0.06102,-0.84225,-1.19434],[-0.70666,-0.51997,0.98917],[0.2888,-0.60118,0.93964],[0.96236,-0.60118,0.2005],[0.91944,-0.51997,-0.79527],[-1.36288,0.07552,0.52573],[0.3972,0.07552,-1.40573],[-0.62178,0.47341,1.06652],[0.37369,0.39221,1.01699],[1.04724,0.39221,0.27785],[1.00432,0.47341,-0.71792],[-1.0267,0.99329,0.31434],[0.21786,0.99329,-1.05141],[-0.08548,1.17584,0.59857],[0.58807,1.17584,-0.14057],[-0.37193,1.37344,-0.33893]],"faces":[[1,0,2],[2,0,4],[2,4,8],[8,4,10],[8,10,14],[14,10,16],[14,16,18],[18,16,19],[13,14,18],[12,17,11],[6,5,1],[7,2,8],[18,19,17],[19,15,17],[17,15,11],[11,15,9],[11,9,5],[5,9,3],[5,3,1],[1,3,0],[7,13,12,6],[13,7,8,14],[12,13,18,17],[6,12,11,5],[7,6,1,2],[10,4,0,3,9,15,19,16]]}