{"name":"gyroelongated pentagonal bicupola","vertices":[[-1.42931,-0.34265,0.80227],[-0.87922,0.2347,1.40565],[-0.63172,-0.92,0.62757],[-0.08163,-0.34265,1.23095],[-1.39906,-0.92,-0.01367],[-1.39835,0.64618,0.65653],[0.04109,0.59152,1.56601],[-1.67165,0.03912,-0.08965],[-0.62532,1.13731,1.05805],[-0.03269,-1.27683,-0.08926],[0.85737,-0.34265,0.88703],[-0.80004,-1.27683,-0.7305],[0.98009,0.59152,1.22209],[-1.34082,-0.452,-0.89547],[0.35218,1.3249,0.96155],[-0.70935,1.06396,0.06429],[0.88761,-0.92,0.0711],[-0.98265,0.4569,-0.68189],[0.13896,-1.27683,-1.07442],[1.57911,0.2347,0.50526],[-0.53223,-0.63959,-1.45314],[0.26814,1.25155,-0.03221],[1.16077,1.13731,0.40388],[1.05927,-0.92,-0.91406],[-0.17406,0.26931,-1.23956],[1.60936,-0.34265,-0.31068],[0.59897,0.76043,-0.83804],[0.44526,-0.452,-1.54965],[1.49159,0.64619,-0.40195],[1.2183,0.03912,-1.14812]],"faces":[[9,11,18],[16,23,25],[10,19,12],[3,6,1],[2,0,4],[17,13,7],[15,5,8],[21,14,22],[26,28,29],[24,27,20],[19,22,12],[12,22,14],[12,14,6],[6,14,8],[6,8,1],[1,8,5],[1,5,0],[0,5,7],[0,7,4],[4,7,13],[4,13,11],[11,13,20],[11,20,18],[18,20,27],[18,27,23],[23,27,29],[23,29,25],[25,29,28],[25,28,19],[19,28,22],[9,2,4,11],[16,9,18,23],[10,16,25,19],[3,10,12,6],[2,3,1,0],[17,24,20,13],[15,17,7,5],[21,15,8,14],[26,21,22,28],[24,26,29,27],[2,9,16,10,3],[24,17,15,21,26]]}