{"name":"gyrobifastigium","vertices":[[-0.5,-0.5,0],[0.5,-0.5,0],[0.5,0.5,0],[-0.5,0.5,0],[0,-0.5,-0.86603],[0,0.5,-0.86603],[-0.5,0,0.86603],[0.5,0,0.86603]],"faces":[[4,1,0],[5,3,2],[6,3,0],[7,1,2],[5,4,0,3],[4,5,2,1],[7,6,0,1],[6,7,2,3]]}