{"name":"gyroelongated square bicupola","vertices":[[-0.45575,0.73725,-1.06812],[0.31805,0.1599,-1.32869],[-1.00291,-0.07924,-0.88387],[0.47417,1.00269,-0.81358],[-1.11693,0.73725,-0.31789],[-0.22911,-0.65659,-1.14444],[-0.30244,1.31515,-0.26654],[1.12736,0.24835,-0.74801],[0.7512,-0.65659,-0.94696],[-1.16416,-0.65659,-0.08346],[0.59258,1.19,0.16156],[-0.74753,1.00269,0.57266],[-1.27818,0.1599,0.48252],[-0.39036,-1.23394,-0.34402],[1.24578,0.43565,0.22713],[1.27451,-0.506,-0.10823],[0.58995,-1.23394,-0.14654],[0.14749,0.87754,1.00076],[-0.84503,-0.65659,0.86425],[-0.60038,0.24835,1.21244],[-0.07123,-1.23394,0.60369],[0.80069,0.12319,1.06634],[0.82942,-0.81846,0.73097],[0.05281,-0.506,1.27801]],"faces":[[13,16,20],[9,18,12],[2,4,0],[5,1,8],[14,15,7],[10,3,6],[17,11,19],[21,23,22],[12,11,4],[4,11,6],[4,6,0],[0,6,3],[0,3,1],[1,3,7],[1,7,8],[8,7,15],[8,15,16],[16,15,22],[16,22,20],[20,22,23],[20,23,18],[18,23,19],[18,19,12],[12,19,11],[5,13,9,2],[13,5,8,16],[9,13,20,18],[2,9,12,4],[5,2,0,1],[21,14,10,17],[14,21,22,15],[10,14,7,3],[17,10,6,11],[21,17,19,23]]}