{"name":"gyroelongated pentagonal cupolarotunda","vertices":[[0.35876,-0.00739,-1.7409],[1.05137,-0.58474,-1.30851],[-0.362,-0.58474,-1.35728],[0.33061,-1.16209,-0.92489],[-0.57065,0.34943,-1.64674],[1.24262,-1.16209,-0.51472],[1.06092,0.4041,-1.15982],[-1.17322,-0.58474,-0.77253],[-0.05256,-1.51891,-0.07291],[0.20818,0.89522,-1.33764],[1.52559,-0.20297,-0.51519],[-1.38187,0.34943,-1.062],[0.85945,-1.51891,0.33725],[-0.98197,-1.16209,0.02125],[-0.70693,1.08281,-0.98072],[1.4247,-0.69409,0.35004],[-1.76503,-0.00739,-0.21002],[0.87426,1.26766,-0.69141],[0.04824,-1.51891,0.922],[1.62611,0.28542,0.35164],[-1.57378,-0.58474,0.58376],[-0.88118,-1.16209,1.01616],[-1.33485,0.89522,-0.22539],[0.79677,-0.88168,1.10537],[1.22357,1.19431,0.24272],[-0.60641,1.5712,-0.1139],[-1.43575,0.4041,0.63983],[0.37082,1.68544,0.0649],[-0.11833,-0.69409,1.46229],[-0.97108,-0.20296,1.28447],[1.12267,0.70319,1.10795],[0.61011,-0.01811,1.57378],[-0.2571,1.49785,0.82023],[-0.76966,0.77654,1.28607],[0.20757,0.89078,1.46487]],"faces":[[8,12,18],[13,21,20],[7,16,11],[2,4,0],[3,1,5],[30,19,24],[19,15,10],[24,17,27],[17,6,9],[27,25,32],[25,14,22],[32,33,34],[33,26,29],[34,31,30],[31,28,23],[16,22,11],[11,22,14],[11,14,4],[4,14,9],[4,9,0],[0,9,6],[0,6,1],[1,6,10],[1,10,5],[5,10,15],[5,15,12],[12,15,23],[12,23,18],[18,23,28],[18,28,21],[21,28,29],[21,29,20],[20,29,26],[20,26,16],[16,26,22],[8,3,5,12],[13,8,18,21],[7,13,20,16],[2,7,11,4],[3,2,0,1],[3,8,13,7,2],[30,24,27,32,34],[30,31,23,15,19],[24,19,10,6,17],[27,17,9,14,25],[32,25,22,26,33],[34,33,29,28,31]]}