{"name":"gyroelongated pentagonal pyramid","vertices":[[-0.74388,-0.16219,0.63708],[-0.49106,0.77198,0.38528],[-0.63936,-0.73954,-0.1727],[-0.23029,0.77198,-0.58012],[-0.32194,-0.16219,-0.92497],[0.15797,0.19463,0.88068],[0.06631,-0.73954,0.53583],[0.47539,0.77198,0.12841],[0.32709,-0.73954,-0.42957],[0.57991,0.19463,-0.68137],[0.81986,-0.16219,0.22146]],"faces":[[6,2,8],[8,2,4],[8,4,9],[9,4,3],[9,3,7],[7,3,1],[7,1,5],[5,1,0],[5,0,6],[6,0,2],[6,8,10],[8,9,10],[9,7,10],[7,5,10],[5,6,10],[1,3,4,2,0]]}