{"name":"gyroelongated pentagonal rotunda","vertices":[[-1.07101,-0.93942,-0.77167],[-1.02633,-1.17898,0.19818],[-0.33356,-1.52474,-0.43468],[-1.38425,0.00766,-0.84192],[-0.33254,-1.21702,-1.38616],[-0.88492,-0.41139,-1.60026],[-1.31196,-0.37997,0.72733],[-1.53316,0.35341,0.08451],[-0.5745,-0.96529,1.06432],[0.5178,-1.52474,-0.95927],[-0.92836,0.58442,-1.51979],[0.54643,-1.52474,0.04032],[-1.15363,0.95473,-0.61861],[-1.08133,0.5671,0.95065],[0.39751,-1.17898,0.96675],[0.11189,-0.37997,1.4959],[1.34129,-1.21702,-0.48265],[-0.44625,1.39005,-1.17548],[-0.20135,0.5671,1.42565],[1.23282,-0.93942,0.4719],[-0.46724,1.54005,-0.18702],[-0.42256,1.30048,0.78283],[0.77067,0.35341,1.32808],[1.82339,-0.41139,-0.13835],[0.37724,1.69777,-0.69887],[1.46344,0.00765,0.69522],[0.41275,1.54005,0.28798],[1.1502,0.95473,0.62496],[1.77996,0.58442,-0.05788],[1.22758,1.39005,-0.27198]],"faces":[[2,9,11],[11,9,16],[11,16,19],[19,16,23],[19,23,25],[25,23,28],[25,28,27],[27,28,29],[27,29,26],[26,29,24],[15,22,18],[22,25,27],[18,21,13],[21,26,20],[13,7,6],[7,12,3],[6,1,8],[1,0,2],[8,14,15],[14,11,19],[26,24,20],[20,24,17],[20,17,12],[12,17,10],[12,10,3],[3,10,5],[3,5,0],[0,5,4],[0,4,2],[2,4,9],[15,18,13,6,8],[15,14,19,25,22],[18,22,27,26,21],[13,21,20,12,7],[6,7,3,0,1],[8,1,2,11,14],[28,23,16,9,4,5,10,17,24,29]]}