{"name":"hebesphenomegacorona","vertices":[[-0.53296,0.6634,0.23381],[-1.06527,0.05776,-0.35768],[-0.91697,-0.18363,0.60135],[-0.40951,0.69789,-0.75794],[-0.13036,0.24352,1.04721],[0.45938,0.6634,0.35734],[0.58283,0.69789,-0.63441],[-0.37858,-0.27025,-1.00642],[-0.48862,-0.72462,-0.12242],[-0.09943,-0.72462,0.79874],[0.74155,-0.18363,0.80781],[1.12045,0.05776,-0.08559],[0.61376,-0.27025,-0.88289],[0.50372,-0.72462,0.00111]],"faces":[[9,8,13],[1,8,2],[1,7,8],[13,11,10],[13,12,11],[2,8,9],[9,13,10],[12,6,11],[3,7,1],[4,5,0],[11,5,10],[11,6,5],[0,1,2],[0,3,1],[10,4,9],[10,5,4],[4,2,9],[4,0,2],[8,7,12,13],[3,6,12,7],[5,6,3,0]]}