{"name":"hexagonal prism","vertices":[[-0.67082,-0.86603,-0.22361],[0.22361,-0.86603,-0.67082],[-0.22361,-0.86603,0.67082],[-1.11803,0,0],[0.67082,-0.86603,0.22361],[0.67082,0,-0.89443],[-0.67082,0,0.89443],[-0.67082,0.86603,-0.22361],[1.11803,0,0],[0.22361,0.86603,-0.67082],[-0.22361,0.86603,0.67082],[0.67082,0.86603,0.22361]],"faces":[[0,1,4,2],[0,2,6,3],[1,5,8,4],[3,6,10,7],[5,9,11,8],[7,10,11,9],[0,3,7,9,5,1],[2,4,8,11,10,6]]}