{"name":"hexagonal antiprism","vertices":[[-0.57674,-0.92178,-0.02651],[0.31133,-0.92178,-0.48622],[0.26541,-0.92178,0.51273],[-0.53924,-0.4278,0.84215],[-1.08237,-0.06618,0.08436],[0.69378,-0.06618,-0.83505],[0.99894,-0.4278,0.04592],[-0.61036,0.56016,0.70476],[-0.69992,0.78942,-0.26447],[0.18816,0.78942,-0.72417],[0.92783,0.56016,-0.09146],[0.12318,1.05414,0.23796]],"faces":[[0,1,2],[0,2,3],[0,3,4],[1,5,6],[1,6,2],[3,7,4],[4,7,8],[5,9,10],[5,10,6],[7,11,8],[8,11,9],[9,11,10],[0,4,8,9,5,1],[2,6,10,11,7,3]]}