{"name":"icosidodecahedron","vertices":[[-0.56473,-1.51152,-0.12004],[0.38632,-1.51152,-0.42905],[0.17841,-1.51152,0.54909],[-1.30008,-0.93417,0.23483],[-1.09217,-0.93417,-0.74332],[1.18982,-0.93417,-0.57419],[0.44667,-0.93417,-1.24332],[-0.09765,-0.93417,1.31751],[0.85341,-0.93417,1.00849],[-1.53884,0,0.5],[-1.01141,-0.57735,1.12328],[-0.46709,-0.57735,-1.43754],[-1.20243,0,-1.08268],[1.53884,0,-0.5],[1.47849,-0.57735,0.31426],[0.33641,0,-1.58268],[-0.33641,0,1.58268],[1.20243,0,1.08268],[-1.18982,0.93417,0.57419],[-1.47849,0.57735,-0.31426],[-0.85341,0.93417,-1.00849],[1.30008,0.93417,-0.23483],[1.01141,0.57735,-1.12328],[0.09765,0.93417,-1.31751],[-0.44667,0.93417,1.24332],[0.46709,0.57735,1.43754],[1.09217,0.93417,0.74332],[-0.38632,1.51152,0.42905],[-0.17841,1.51152,-0.54909],[0.56473,1.51152,0.12004]],"faces":[[0,1,2],[0,3,4],[1,6,5],[2,8,7],[3,10,9],[4,12,11],[5,13,14],[6,11,15],[7,16,10],[8,14,17],[9,18,19],[12,19,20],[13,22,21],[15,23,22],[16,25,24],[17,26,25],[18,24,27],[20,28,23],[21,29,26],[27,29,28],[0,2,7,10,3],[0,4,11,6,1],[1,5,14,8,2],[3,9,19,12,4],[5,6,15,22,13],[7,8,17,25,16],[9,10,16,24,18],[11,12,20,23,15],[13,21,26,17,14],[18,27,28,20,19],[21,22,23,28,29],[24,25,26,29,27]]}