{"name":"icosahedron","vertices":[[-0.57709,-0.75576,0.0173],[0.27356,-0.75576,-0.50843],[0.30353,-0.75576,0.49112],[-0.44263,-0.17841,0.82265],[-0.93375,0.17841,0.028],[-0.49112,-0.17841,-0.79465],[0.93375,-0.17841,-0.028],[0.44263,0.17841,-0.82265],[0.49112,0.17841,0.79465],[-0.27356,0.75576,0.50843],[-0.30353,0.75576,-0.49112],[0.57709,0.75576,-0.0173]],"faces":[[0,1,2],[0,2,3],[0,3,4],[0,4,5],[0,5,1],[1,5,7],[1,7,6],[1,6,2],[2,6,8],[2,8,3],[3,8,9],[3,9,4],[4,9,10],[4,10,5],[5,10,7],[6,7,11],[6,11,8],[7,10,11],[8,11,9],[9,11,10]]}