{"name":"metagyrate diminished rhombicosidodecahedron","vertices":[[-2.09855,-0.68071,0.30505],[-1.91885,-0.32389,1.22177],[-2.16718,0.25346,-0.04511],[-1.98749,0.61029,0.87161],[-1.64992,-1.25806,0.98725],[-1.82962,1.18764,0.07052],[-1.73205,-1.25806,-0.42458],[-1.84311,0.25346,-0.99114],[-1.26161,-0.32388,1.97545],[-1.37266,1.18764,1.40888],[-1.28342,-1.83541,0.25763],[-1.57418,-0.68071,-1.22566],[-0.99267,-1.25805,1.74093],[-1.50554,1.18764,-0.87551],[-0.92404,0.61029,2.09108],[-1.21479,1.76499,0.60779],[-0.95934,-1.83541,-0.6884],[-1.13904,0.61029,-1.60513],[-0.55755,1.76499,1.36146],[-0.39967,-2.19223,0.56038],[-0.80148,-1.25806,-1.48949],[-0.21997,-1.8354,1.4771],[-0.87011,-0.32388,-1.83965],[-0.69043,1.76499,-0.92292],[-0.10893,1.18764,2.04367],[-0.51073,2.12181,-0.00619],[-0.07559,-2.19223,-0.38565],[-0.32393,1.18764,-1.65254],[0.14651,2.12181,0.74748],[0.58166,-2.19223,0.36802],[0.17985,-1.25806,-1.68184],[0.76135,-1.8354,1.28475],[0.11121,-0.32388,-2.032],[0.23927,2.02319,-0.66024],[0.8724,1.18764,1.85132],[0.62847,-1.83541,-0.99964],[0.44877,0.61029,-1.91636],[0.60577,1.44584,-1.38986],[1.03027,1.76499,1.05023],[0.89652,2.02319,0.09344],[1.28572,-1.8354,-0.24596],[0.99497,-0.6807,-1.72926],[1.57647,-1.25805,1.23733],[1.6451,0.61029,1.58749],[1.44359,-1.25805,-1.04705],[1.33253,0.25347,-1.61362],[1.91403,-0.32388,1.35297],[1.80297,1.18764,0.7864],[1.48952,1.08902,-1.08711],[1.90055,-1.25805,0.2913],[1.66922,1.44584,-0.17039],[2.05841,-0.6807,-0.50979],[2.23811,-0.32388,0.40694],[1.98978,0.25347,-0.85995],[2.16947,0.61029,0.05678]],"faces":[[29,19,26],[10,6,16],[4,1,0],[3,5,2],[40,35,44],[30,32,41],[20,11,22],[7,13,17],[49,51,52],[45,48,53],[36,27,37],[23,25,33],[54,50,47],[39,28,38],[18,15,9],[31,21,19,29],[19,10,16,26],[16,6,11,20],[4,0,6,10],[1,3,2,0],[2,5,13,7],[29,26,35,40],[35,30,41,44],[41,32,36,45],[20,22,32,30],[11,7,17,22],[17,13,23,27],[40,44,51,49],[51,53,54,52],[53,48,50,54],[36,37,48,45],[27,23,33,37],[33,25,28,39],[49,52,46,42],[47,38,34,43],[50,39,38,47],[28,25,15,18],[12,8,1,4],[24,18,9,14],[9,15,5,3],[21,12,4,10,19],[0,2,7,11,6],[26,16,20,30,35],[22,17,27,36,32],[44,41,45,53,51],[37,33,39,50,48],[52,54,47,43,46],[38,28,18,24,34],[14,9,3,1,8],[31,29,40,49,42],[15,25,23,13,5],[42,46,43,34,24,14,8,12,21,31]]}