{"name":"metabiaugmented hexagonal prism","vertices":[[-0.74606,-0.87581,-0.99346],[0.14025,-0.87581,-0.53036],[-0.16922,-0.05931,-1.01777],[-0.70395,-0.87581,0.00565],[-1.01342,-0.05931,-0.48175],[0.94138,-0.37581,-0.20143],[0.63191,0.44068,-0.68883],[1.43681,0.48656,-0.0972],[-0.74703,-0.37581,0.87061],[-1.0565,0.44069,0.3832],[0.8983,0.12419,0.66352],[0.58883,0.94068,0.17612],[0.05409,0.12419,1.19954],[-0.25538,0.94069,0.71214]],"faces":[[3,0,1],[3,4,0],[1,0,2],[2,0,4],[5,7,10],[5,6,7],[10,7,11],[11,7,6],[8,12,13,9],[3,8,9,4],[5,1,2,6],[12,10,11,13],[12,8,3,1,5,10],[6,2,4,9,13,11]]}