{"name":"metabidiminished rhombicosidodecahedron","vertices":[[-1.61529,0.77083,-1.12318],[-2.01996,0.414,-0.2812],[-1.46072,-0.16335,-1.44478],[-1.86539,-0.52017,-0.60281],[-1.66415,1.34818,-0.30814],[-0.88502,1.34818,-1.48838],[-1.25948,-1.09752,-1.15012],[-0.63492,-0.16335,-2.00875],[-1.94445,0.414,0.71594],[-0.93389,1.92553,-0.67335],[-0.27912,0.77083,-2.03569],[-1.69435,-1.09752,0.19558],[-1.58865,1.34818,0.689],[-0.43369,-1.09752,-1.71408],[-1.74321,-0.52017,1.01061],[-1.08845,-1.67487,-0.35173],[0.29659,-0.52017,-2.07928],[-1.41761,0.77083,1.48738],[-0.40705,2.28235,0.09809],[-0.81171,1.92553,0.94007],[0.65239,0.41401,-2.10622],[-1.01294,-1.67487,0.64541],[-1.21638,-0.16334,1.78205],[0.24773,-1.67487,-1.26425],[-1.0618,-1.09751,1.46044],[-0.15694,-2.03169,-0.42227],[-0.64068,1.34818,1.73845],[0.97799,-1.09752,-1.62945],[0.49426,2.28235,0.53128],[-0.08143,-2.03169,0.57488],[0.08959,1.92553,1.37325],[1.55369,0.41401,-1.67304],[-0.31507,-0.16334,2.21523],[1.14903,-1.67486,-0.83107],[-0.1605,-1.09751,1.89362],[0.74436,-2.03169,0.01091],[1.75493,-0.52016,-1.37838],[0.04073,0.77083,2.18829],[1.42577,1.92553,0.46074],[0.4454,-1.67486,1.34631],[2.08053,0.77083,-0.9016],[0.771,1.34818,1.82308],[1.92597,-1.09751,-0.58],[2.03167,1.34818,-0.08657],[1.2712,-1.67486,0.78235],[2.28177,-0.16334,-0.60694],[1.5968,1.34818,1.25912],[2.00147,-1.09751,0.41715],[2.2027,0.77084,0.71181],[2.35728,-0.16334,0.39021]],"faces":[[35,29,25],[21,11,15],[24,22,14],[17,12,8],[33,23,27],[13,7,16],[6,3,2],[1,4,0],[42,36,45],[30,19,26],[44,39,29,35],[29,21,15,25],[15,11,3,6],[24,14,11,21],[22,17,8,14],[8,12,4,1],[35,25,23,33],[23,13,16,27],[16,7,10,20],[6,2,7,13],[3,1,0,2],[0,4,9,5],[33,27,36,42],[36,31,40,45],[42,45,49,47],[43,38,46,48],[28,18,19,30],[34,32,22,24],[41,30,26,37],[26,19,12,17],[39,34,24,21,29],[14,8,1,3,11],[25,15,6,13,23],[2,0,5,10,7],[27,16,20,31,36],[45,40,43,48,49],[38,28,30,41,46],[37,26,17,22,32],[44,35,33,42,47],[19,18,9,4,12],[38,43,40,31,20,10,5,9,18,28],[47,49,48,46,41,37,32,34,39,44]]}