{"name":"metabigyrate rhombicosidodecahedron","vertices":[[-2.10253,0.64549,-0.38571],[-2.08613,-0.28868,-0.74216],[-2.14546,0.28867,0.54747],[-2.12906,-0.6455,0.19103],[-1.82857,1.22285,0.38345],[-1.78564,-1.22285,-0.54973],[-1.57339,1.22284,-1.00755],[-1.54686,-0.28868,-1.58429],[-1.68579,0.28867,1.43556],[-1.65926,-1.22285,0.85882],[-1.22997,0.64549,-1.74831],[-1.29944,1.8002,-0.23839],[-1.3689,1.22285,1.27154],[-1.24636,-1.22285,-1.39186],[-1.31583,-1.8002,0.11806],[-1.3853,-0.6455,1.62799],[-0.76016,1.80019,-1.08052],[-0.7127,-0.1291,-2.11222],[-0.8991,0.6455,1.93933],[-0.85616,-1.8002,1.00615],[-0.41674,1.22284,-1.82128],[-0.51274,2.15702,0.26539],[-0.55567,1.8002,1.19857],[-0.41221,-1.06327,-1.91979],[-0.44327,-1.8002,-1.24453],[-0.4862,-2.15702,-0.31135],[-0.59861,-0.28867,2.13176],[-0.5822,-1.22285,1.77532],[0.02653,2.15702,-0.57674],[0.10053,0.44825,-2.18519],[-0.08587,1.22285,1.86637],[-0.02653,-2.15702,0.57674],[0.5822,1.22285,-1.77532],[0.4862,2.15702,0.31135],[0.44327,1.8002,1.24453],[0.58674,-1.06327,-1.87384],[0.55567,-1.8002,-1.19858],[0.51274,-2.15702,-0.26539],[0.40034,-0.28867,2.17772],[0.41674,-1.22284,1.82127],[0.85616,1.8002,-1.00616],[0.90363,-0.1291,-2.03786],[0.71723,0.6455,2.0137],[0.76016,-1.8002,1.08052],[1.3853,0.6455,-1.62799],[1.31583,1.8002,-0.11807],[1.24636,1.22285,1.39186],[1.3689,-1.22285,-1.27154],[1.29944,-1.8002,0.23838],[1.31302,-0.1291,1.80149],[1.32942,-1.06327,1.44505],[1.65925,1.22285,-0.85883],[1.68579,-0.28867,-1.43556],[1.78564,1.22285,0.54973],[1.82857,-1.22285,-0.38345],[1.84216,0.44825,1.17965],[1.86869,-1.06327,0.60292],[2.12906,0.6455,-0.19103],[2.14546,-0.28867,-0.54748],[2.18558,-0.1291,0.43889]],"faces":[[31,25,37],[13,23,24],[7,10,17],[20,32,29],[48,54,56],[58,57,59],[36,35,47],[41,44,52],[43,50,39],[49,42,38],[55,53,46],[51,40,45],[27,26,15],[18,12,8],[30,34,22],[33,28,21],[19,9,14],[3,1,5],[2,4,0],[11,16,6],[19,14,25,31],[25,24,36,37],[24,23,35,36],[7,17,23,13],[10,20,29,17],[29,32,44,41],[31,37,48,43],[54,58,59,56],[59,57,53,55],[47,52,58,54],[35,41,52,47],[44,32,40,51],[48,56,50,43],[50,49,38,39],[42,46,34,30],[55,46,42,49],[57,51,45,53],[45,40,28,33],[39,38,26,27],[26,18,8,15],[8,12,4,2],[30,22,12,18],[34,33,21,22],[21,28,16,11],[27,15,9,19],[9,3,5,14],[5,1,7,13],[2,0,1,3],[4,11,6,0],[6,16,20,10],[14,5,13,24,25],[17,29,41,35,23],[37,36,47,54,48],[52,44,51,57,58],[56,59,55,49,50],[53,45,33,34,46],[38,42,30,18,26],[22,21,11,4,12],[15,8,2,3,9],[0,6,10,7,1],[19,31,43,39,27],[16,28,40,32,20]]}