{"name":"metabiaugmented dodecahedron","vertices":[[0.49232,0.64689,-1.10927],[0.97451,0.90509,-0.27211],[0.53698,-0.34823,-1.1972],[1.31718,0.06954,0.15735],[1.04677,-0.70506,-0.41439],[1.12952,0.87783,0.71543],[-0.46811,0.90509,-1.00483],[0.37539,-1.28241,-0.87906],[0.31209,1.32286,0.34971],[-0.39585,-0.70506,-1.14711],[-0.5795,1.32286,-0.10314],[0.86654,-0.02908,1.04459],[-1.01703,0.06954,-1.02823],[0.42901,-1.28241,0.1195],[0.24535,0.74551,1.16347],[-0.46258,-1.28241,-0.33335],[0.31762,-0.86463,1.0212],[-1.19726,0.74552,0.43075],[-1.46767,-0.02908,-0.14099],[-0.68747,0.38869,1.21356],[-1.125,-0.86463,0.28847],[-0.64281,-0.60643,1.12563]],"faces":[[7,13,15],[7,15,9],[7,4,13],[7,2,4],[2,7,9],[5,1,8],[5,8,14],[5,3,1],[5,11,3],[11,5,14],[0,6,10,8,1],[19,14,8,10,17],[4,2,0,1,3],[9,12,6,0,2],[18,17,10,6,12],[12,9,15,20,18],[3,11,16,13,4],[14,19,21,16,11],[17,18,20,21,19],[21,20,15,13,16]]}