{"name":"metabidiminished icosahedron","vertices":[[-0.5438,-0.66234,0.13524],[-0.28383,-0.08499,0.90924],[-0.89429,0.27183,0.20213],[0.4006,-0.66234,0.46403],[-0.58715,-0.08499,-0.68011],[-0.16651,0.84918,0.57226],[0.21315,-0.66234,-0.51824],[0.94093,-0.085,-0.14811],[0.33047,0.27183,-0.85523],[0.59043,0.84918,-0.08122]],"faces":[[6,3,0],[0,3,1],[1,5,2],[1,2,0],[2,4,0],[4,8,6],[4,6,0],[9,7,8],[7,6,8],[7,3,6],[1,3,7,9,5],[2,5,9,8,4]]}