{"name":"metabiaugmented truncated dodecahedron","vertices":[[-2.78726,1.0301,0.23598],[-2.99425,0.09593,0.52663],[-2.30105,1.18968,1.09513],[-2.50804,0.25551,1.38578],[-2.69215,1.0301,-0.75949],[-3.02707,-0.48142,-0.2892],[-2.11435,1.76703,0.30027],[-2.65626,-0.67866,1.0612],[-2.84037,0.09593,-1.08407],[-1.91303,0.83286,1.9449],[-2.01924,1.76703,-0.6952],[-2.68908,-1.25602,0.24536],[-1.42423,2.34438,-0.13608],[-2.05206,1.18968,-1.51104],[-2.59398,-1.25602,-0.7501],[-2.30105,-1.61284,1.09514],[-1.09848,0.83286,2.525],[-2.20028,0.2555,-1.83562],[-2.40727,-0.67867,-1.54497],[-0.49429,2.7012,-0.04723],[-1.51016,0.83285,-2.27196],[-2.05206,-1.61284,-1.51103],[-1.57811,-2.19019,1.47463],[-0.16854,1.18968,2.61384],[-0.37553,0.25551,2.9045],[0.32026,2.7012,0.53286],[-0.76356,-2.19019,2.05473],[0.52158,1.76703,2.1775],[-0.02032,-0.67866,2.93843],[0.41537,2.7012,-0.4626],[0.70829,2.34438,1.38264],[-0.6005,0.83285,-2.68733],[-0.16854,-1.61283,2.61385],[-1.27034,-2.19019,-1.74677],[-0.79638,-2.76753,1.23889],[1.31087,2.60258,0.6275],[0.95728,2.34438,-1.22353],[1.43124,1.76703,1.76213],[0.32943,1.18967,-2.59849],[0.7614,-1.25601,2.70269],[-0.54739,-2.76754,-1.36727],[-0.25447,-3.12436,0.47797],[1.40598,2.60258,-0.36796],[0.18122,0.2555,-2.92307],[-0.36069,-2.19019,-2.16214],[0.92445,1.76702,-2.03937],[-0.15936,-3.12436,-0.5175],[2.03382,2.02523,1.007],[0.53643,-0.67867,-2.88913],[0.32944,-1.61284,-2.59848],[1.739,1.76703,-1.45927],[2.21296,1.18968,1.52639],[1.67105,-1.25601,2.28732],[0.65518,-3.12436,0.0626],[2.1877,2.02523,-0.6037],[2.57573,1.66841,0.24607],[2.56816,0.25551,1.56033],[2.36117,-0.67866,1.85098],[1.25937,-1.25602,-2.50964],[2.46195,1.18968,-1.07978],[2.75487,0.83286,0.76546],[2.21296,-1.61283,1.5264],[1.58512,-2.76754,0.15144],[2.84998,0.83286,-0.23],[2.18014,-2.19019,0.71056],[2.07392,-1.25602,-1.92954],[2.81715,0.25551,-1.04584],[2.27524,-2.19019,-0.2849],[2.66894,-0.67867,-1.37042],[2.46195,-1.61284,-1.07977]],"faces":[[41,46,53],[26,22,34],[33,44,40],[14,18,21],[48,58,49],[31,38,43],[68,69,65],[59,63,66],[64,62,67],[57,52,61],[3,9,2],[11,15,7],[24,23,16],[32,39,28],[37,30,27],[60,51,56],[29,19,25],[50,45,36],[10,6,12],[17,13,20],[4,10,13],[8,17,18],[5,14,11],[3,1,7],[0,2,6],[47,37,51],[55,60,63],[54,59,50],[29,42,36],[35,25,30],[4,0,6,10],[8,4,13,17],[5,8,18,14],[1,5,11,7],[0,1,3,2],[47,35,30,37],[55,47,51,60],[54,55,63,59],[42,54,50,36],[35,42,29,25],[0,4,8,5,1],[35,47,55,54,42],[40,44,49,58,65,69,67,62,53,46],[11,14,21,33,40,46,41,34,22,15],[20,31,43,48,49,44,33,21,18,17],[50,59,66,68,65,58,48,43,38,45],[56,57,61,64,67,69,68,66,63,60],[32,26,34,41,53,62,64,61,52,39],[16,23,27,30,25,19,12,6,2,9],[26,32,28,24,16,9,3,7,15,22],[57,56,51,37,27,23,24,28,39,52],[31,20,13,10,12,19,29,36,45,38]]}