{"name":"octagonal prism","vertices":[[-0.64568,-1.20711,-0.28827],[0.28827,-1.20711,-0.64568],[-0.28827,-1.20711,0.64568],[-1.30608,-0.5,-0.03555],[0.64568,-1.20711,0.28827],[0.94867,-0.5,-0.8984],[-0.94867,-0.5,0.8984],[-1.30608,0.5,-0.03555],[1.30608,-0.5,0.03555],[0.94867,0.5,-0.8984],[-0.94867,0.5,0.8984],[-0.64568,1.20711,-0.28827],[1.30608,0.5,0.03555],[0.28827,1.20711,-0.64568],[-0.28827,1.20711,0.64568],[0.64568,1.20711,0.28827]],"faces":[[0,1,4,2],[0,2,6,3],[1,5,8,4],[3,6,10,7],[5,9,12,8],[7,10,14,11],[9,13,15,12],[11,14,15,13],[0,3,7,11,13,9,5,1],[2,4,8,12,15,14,10,6]]}