{"name":"octagonal antiprism","vertices":[[-0.57073,-1.24852,-0.08718],[0.36087,-1.24852,-0.45067],[0.20986,-1.24852,0.53786],[-0.6668,-0.86837,0.83274],[-1.25899,-0.54609,0.09419],[0.99009,-0.54609,-0.78335],[1.05457,-0.86837,0.16109],[-1.06187,0.0494,0.873],[-1.30073,0.44729,-0.01279],[0.94835,0.44729,-0.89034],[1.37251,0.0494,-0.07685],[-0.74393,0.96717,0.63505],[-0.67151,1.14972,-0.34547],[0.26009,1.14972,-0.70896],[0.97744,0.96717,-0.03659],[0.10078,1.34732,0.25829]],"faces":[[0,1,2],[0,2,3],[0,3,4],[1,5,6],[1,6,2],[3,7,4],[4,7,8],[5,9,10],[5,10,6],[7,11,8],[8,11,12],[9,13,14],[9,14,10],[11,15,12],[12,15,13],[13,15,14],[0,4,8,12,13,9,5,1],[2,6,10,14,15,11,7,3]]}