{"name":"octahedron","vertices":[[-0.55768,-0.40825,0.14943],[0.14943,-0.40825,-0.55768],[0.40825,-0.40825,0.40825],[-0.14943,0.40825,0.55768],[-0.40825,0.40825,-0.40825],[0.55768,0.40825,-0.14943]],"faces":[[0,1,2],[0,2,3],[0,3,4],[0,4,1],[1,4,5],[1,5,2],[2,5,3],[3,5,4]]}