{"name":"parabiaugmented truncated dodecahedron","vertices":[[-1.89016,-1.9786,-1.15329],[-1.43476,-2.55595,-0.47559],[-1.74028,-1.40125,-1.95591],[-2.20479,-1.97861,-0.20407],[-0.54803,-2.91278,-0.18167],[-1.04237,-1.04443,-2.57688],[-1.8124,-0.46708,-2.30536],[-2.564,-1.40126,0.52916],[0.43133,-2.91278,-0.38379],[-0.06301,-1.04443,-2.779],[-0.63097,-0.26983,-3.05724],[-1.401,0.30752,-2.78573],[0.1167,-2.91278,0.56542],[-2.07898,0.4671,-2.06817],[-2.83057,-0.46709,0.76636],[1.12924,-2.55595,-1.00476],[0.82372,-1.40125,-2.48508],[-2.37518,-1.04444,1.44406],[1.27912,-1.9786,-1.80738],[-2.43818,1.04444,-1.33493],[-2.9027,0.46709,0.4169],[0.7516,-0.46707,-2.83453],[0.18364,0.30752,-3.11277],[0.30552,-2.55596,1.48031],[-2.75282,1.04444,-0.38572],[-1.0623,1.24169,-2.67346],[-1.74028,1.40126,-1.9559],[-1.71045,-1.04444,2.19114],[1.94384,-1.9786,-1.06029],[-0.05369,-1.97861,2.21355],[-0.08294,1.24169,-2.87558],[-0.82372,-1.40126,2.48507],[-2.564,1.40126,0.52917],[1.0903,0.4671,-2.72226],[0.92567,-1.97861,2.01143],[-0.92567,1.97862,-2.01143],[-1.0903,-0.46709,2.72225],[2.564,-1.40125,-0.52918],[0.82372,1.40127,-2.48507],[0.08294,-1.24169,2.87558],[0.05369,1.97862,-2.21356],[-1.94385,1.97861,1.06028],[1.71045,1.04445,-2.19115],[1.74027,-1.40126,1.95589],[1.0623,-1.24169,2.67345],[2.75282,-1.04443,0.38571],[-0.30552,2.55597,-1.48032],[-0.18364,-0.30752,3.11277],[-0.7516,0.46708,2.83453],[2.90269,-0.46708,-0.41691],[2.43818,-1.04444,1.33493],[-1.27912,1.97861,1.80737],[2.37518,1.04444,-1.44406],[-0.82372,1.40125,2.48507],[-1.12924,2.55596,1.00475],[2.83057,0.46709,-0.76636],[2.07897,-0.46709,2.06817],[-0.1167,2.91279,-0.56543],[1.401,-0.30751,2.78572],[0.63097,0.26983,3.05723],[0.063,1.04443,2.77899],[-0.43133,2.91278,0.38378],[2.564,1.40126,-0.52917],[1.81239,0.46708,2.30536],[1.04236,1.04443,2.57687],[0.54803,2.91278,0.18166],[2.20479,1.97861,0.20407],[1.74027,1.40126,1.9559],[1.43475,2.55596,0.47558],[1.89015,1.97861,1.15328]],"faces":[[4,8,12],[3,0,1],[18,28,15],[9,21,16],[49,45,37],[52,62,55],[56,43,50],[64,63,67],[29,23,34],[36,27,31],[13,19,26],[5,2,6],[20,32,24],[7,17,14],[51,54,41],[60,53,48],[65,57,61],[69,66,68],[40,35,46],[33,38,42],[30,40,38],[22,33,21],[10,9,5],[13,11,6],[25,26,35],[58,56,63],[59,64,60],[47,48,36],[29,39,31],[44,34,43],[30,25,35,40],[22,30,38,33],[10,22,21,9],[11,10,5,6],[25,11,13,26],[58,44,43,56],[59,58,63,64],[47,59,60,48],[39,47,36,31],[44,39,29,34],[25,30,22,10,11],[44,58,59,47,39],[15,28,37,45,50,43,34,23,12,8],[5,9,16,18,15,8,4,1,0,2],[42,52,55,49,37,28,18,16,21,33],[69,67,63,56,50,45,49,55,62,66],[67,69,68,65,61,54,51,53,60,64],[7,3,1,4,12,23,29,31,27,17],[24,32,41,54,61,57,46,35,26,19],[3,7,14,20,24,19,13,6,2,0],[36,48,53,51,41,32,20,14,17,27],[52,42,38,40,46,57,65,68,66,62]]}