{"name":"parabiaugmented dodecahedron","vertices":[[-0.96462,-1.30264,-0.24451],[-1.05652,-0.72528,0.56679],[-1.3105,-0.36846,-0.33219],[-0.248,-1.30264,0.45295],[-0.80395,0.04931,1.14663],[-0.65895,-0.72529,-1.00164],[-1.2149,0.62666,-0.30796],[-0.00228,-1.30264,-0.51639],[-0.90184,0.88486,0.606],[0.50426,-0.88486,0.96243],[0.16067,-0.04931,1.39114],[-0.16067,0.04931,-1.39114],[-0.50426,0.88486,-0.96243],[0.90184,-0.88486,-0.606],[0.00228,1.30264,0.51639],[1.2149,-0.62666,0.30796],[0.65895,0.72529,1.00164],[0.80395,-0.04931,-1.14663],[0.248,1.30264,-0.45295],[1.3105,0.36846,0.33219],[1.05652,0.72528,-0.56679],[0.96462,1.30264,0.24451]],"faces":[[0,7,3],[0,3,1],[0,5,7],[0,2,5],[2,0,1],[21,18,14],[21,14,16],[21,20,18],[21,19,20],[19,21,16],[6,8,14,18,12],[17,11,12,18,20],[5,2,6,12,11],[1,4,8,6,2],[10,16,14,8,4],[4,1,3,9,10],[11,17,13,7,5],[20,19,15,13,17],[16,10,9,15,19],[15,9,3,7,13]]}