{"name":"parabigyrate rhombicosidodecahedron","vertices":[[-1.44198,0.6455,-1.578],[-2.04017,0.28867,-0.86048],[-1.68858,1.22285,-0.79963],[-1.21349,-0.28868,-1.85207],[-0.6446,1.22285,-1.75363],[-1.81168,-0.6455,-1.13455],[-0.89119,1.8002,-0.97526],[-2.21069,0.28867,0.12488],[-1.85909,1.22284,0.18572],[-0.27489,-0.28867,-2.19708],[0.0767,0.6455,-2.13624],[-1.09038,-1.22285,-1.51716],[0.04741,1.8002,-1.32027],[-1.84098,-1.22285,-0.31858],[-2.08758,-0.6455,0.45979],[-0.56889,2.15702,-0.09844],[-1.16709,1.8002,0.61908],[-1.95154,0.1291,1.07744],[-1.59994,1.06327,1.13829],[-0.15178,-1.22285,-1.86217],[0.76871,1.22285,-1.70288],[-1.11968,-1.8002,-0.70119],[0.70875,-0.1291,-2.11355],[0.3697,2.15702,-0.44345],[-1.29019,-1.8002,0.28417],[-1.53679,-1.22285,1.06253],[0.19919,2.15702,0.5419],[-0.399,1.8002,1.25943],[0.83186,-1.06327,-1.77863],[1.40076,0.44825,-1.68019],[-1.40075,-0.44826,1.68019],[-0.83186,1.06327,1.77863],[0.39901,-1.8002,-1.25943],[-0.19919,-2.15702,-0.5419],[1.53679,1.22285,-1.06253],[1.2902,1.8002,-0.28417],[-0.3697,-2.15702,0.44345],[-0.70875,0.1291,2.11355],[1.11968,1.8002,0.70119],[-0.7687,-1.22285,1.70288],[0.15179,1.22284,1.86217],[1.59995,-1.06327,-1.13829],[1.95154,-0.1291,-1.07744],[1.16709,-1.8002,-0.61908],[0.5689,-2.15702,0.09844],[2.08758,0.6455,-0.45979],[1.84099,1.22285,0.31857],[-0.0474,-1.8002,1.32027],[1.09039,1.22285,1.51716],[-0.0767,-0.6455,2.13624],[0.2749,0.28867,2.19708],[1.85909,-1.22285,-0.18572],[2.21069,-0.28867,-0.12488],[0.8912,-1.8002,0.97526],[1.81169,0.6455,1.13455],[0.6446,-1.22285,1.75362],[1.2135,0.28867,1.85207],[1.68858,-1.22285,0.79963],[2.04018,-0.28868,0.86047],[1.44198,-0.6455,1.578]],"faces":[[36,33,44],[19,28,32],[9,10,22],[20,34,29],[47,53,55],[57,58,59],[43,41,51],[42,45,52],[49,50,37],[40,27,31],[56,54,48],[46,35,38],[39,30,25],[17,7,14],[18,16,8],[26,23,15],[24,13,21],[5,3,11],[1,2,0],[6,12,4],[24,21,33,36],[33,32,43,44],[32,28,41,43],[9,22,28,19],[10,20,29,22],[29,34,45,42],[36,44,53,47],[53,57,59,55],[59,58,54,56],[51,52,58,57],[41,42,52,51],[45,34,35,46],[47,55,49,39],[50,40,31,37],[31,27,16,18],[56,48,40,50],[54,46,38,48],[38,35,23,26],[49,37,30,39],[30,17,14,25],[7,8,2,1],[18,8,7,17],[27,26,15,16],[15,23,12,6],[25,14,13,24],[13,5,11,21],[11,3,9,19],[1,0,3,5],[2,6,4,0],[4,12,20,10],[21,11,19,32,33],[22,29,42,41,28],[44,43,51,57,53],[52,45,46,54,58],[55,59,56,50,49],[48,38,26,27,40],[37,31,18,17,30],[16,15,6,2,8],[14,7,1,5,13],[0,4,10,9,3],[24,36,47,39,25],[12,23,35,34,20]]}