{"name":"parabidiminished rhombicosidodecahedron","vertices":[[1.84568,-1.22285,0.29015],[1.43168,-1.22285,1.20042],[1.28566,-1.8002,-0.30403],[0.61579,-1.8002,1.16883],[0.52555,-2.15702,0.23902],[2.08024,-0.6455,-0.49193],[1.52022,-1.22285,-1.08611],[0.99637,-0.6455,1.8912],[0.70434,-1.8002,-1.11771],[0.18048,-1.22285,1.85961],[-0.05577,-2.15702,-0.57465],[-0.37953,-1.8002,1.26543],[-0.46977,-2.15702,0.33562],[2.04577,0.28868,-0.84708],[1.13964,-0.6455,-1.80848],[0.70603,0.28867,2.09863],[0.32376,-1.22285,-1.84008],[1.46445,0.28868,-1.66076],[-0.6141,-0.6455,2.04751],[-0.90613,-1.8002,-0.9614],[-1.17411,-1.22285,1.45333],[1.75543,1.22285,-0.63965],[-1.32013,-1.8002,-0.05112],[-0.28929,0.28867,2.19523],[0.67156,1.22285,1.74348],[-0.67156,-1.22285,-1.74348],[0.28929,-0.28867,-2.19523],[1.32013,1.8002,0.05112],[-1.75543,-1.22285,0.63965],[1.17411,1.22285,-1.45333],[0.90613,1.8002,0.9614],[0.6141,0.6455,-2.04751],[-1.46445,-0.28868,1.66076],[-0.32376,1.22285,1.84008],[-0.70603,-0.28867,-2.09863],[-1.13964,0.6455,1.80848],[-2.04577,-0.28868,0.84708],[0.46977,2.15702,-0.33562],[0.37953,1.8002,-1.26543],[0.05577,2.15702,0.57465],[-0.18049,1.22285,-1.85961],[-0.70434,1.8002,1.11771],[-0.99637,0.6455,-1.8912],[-1.52022,1.22285,1.08611],[-2.08024,0.6455,0.49193],[-0.52555,2.15702,-0.23902],[-0.61579,1.8002,-1.16883],[-1.28566,1.8002,0.30403],[-1.43168,1.22285,-1.20042],[-1.84568,1.22285,-0.29015]],"faces":[[12,10,4],[8,6,2],[16,26,14],[31,29,17],[11,3,9],[20,18,32],[23,33,35],[43,41,47],[39,37,45],[46,38,40],[22,19,10,12],[10,8,2,4],[2,6,5,0],[16,14,6,8],[26,31,17,14],[17,29,21,13],[12,4,3,11],[3,1,7,9],[11,9,18,20],[18,23,35,32],[35,33,41,43],[15,24,33,23],[30,27,37,39],[20,32,36,28],[43,47,49,44],[41,39,45,47],[45,37,38,46],[25,34,26,16],[48,46,40,42],[40,38,29,31],[19,25,16,8,10],[14,17,13,5,6],[4,2,0,1,3],[9,7,15,23,18],[24,30,39,41,33],[32,35,43,44,36],[47,45,46,48,49],[42,40,31,26,34],[22,12,11,20,28],[38,37,27,21,29],[24,15,7,1,0,5,13,21,27,30],[28,36,44,49,48,42,34,25,19,22]]}