{"name":"parabiaugmented hexagonal prism","vertices":[[0.98319,0.90825,0.82654],[0.64204,0.90825,-0.11347],[-0.00145,0.90825,0.65198],[1.08397,0.09175,0.25805],[0.42252,0.40825,-0.95121],[0.44048,0.09175,1.0235],[0.86446,-0.40825,-0.57969],[-0.86446,0.40825,0.5797],[-0.44048,-0.09175,-1.0235],[-0.42252,-0.40825,0.95122],[-1.08397,-0.09175,-0.25805],[0.00146,-0.90825,-0.65198],[-0.64204,-0.90825,0.11347],[-0.98319,-0.90825,-0.82653]],"faces":[[12,13,11],[12,10,13],[11,13,8],[8,13,10],[3,0,5],[3,1,0],[5,0,2],[2,0,1],[9,5,2,7],[12,9,7,10],[6,11,8,4],[3,6,4,1],[5,9,12,11,6,3],[4,8,10,7,2,1]]}