{"name":"paragyrate diminished rhombicosidodecahedron","vertices":[[-1.41942,-0.6807,1.5755],[-1.60367,-1.25805,0.78007],[-1.69595,0.25347,1.34999],[-1.99407,-0.6807,0.06295],[-2.0511,0.25347,0.41519],[-0.63843,-1.25806,1.81365],[-0.69545,-0.32388,2.16589],[-0.82268,-1.8354,1.01822],[-0.97198,0.61029,1.94038],[-1.17784,-1.8354,0.08341],[-1.36238,1.18764,1.22327],[-1.56824,-1.25805,-0.6337],[-1.97823,0.09389,-0.56931],[-1.71754,1.18764,0.28846],[0.34872,-1.25806,1.97348],[0.29169,-0.32388,2.32572],[0.05059,-2.19223,0.68644],[-0.15574,1.18764,1.96084],[-1.55239,-0.48346,-1.26596],[-0.30456,-2.19223,-0.24837],[-1.64467,1.02807,-0.69603],[-0.54614,1.76499,1.24372],[0.77455,-1.83541,1.27683],[0.62525,0.61029,2.19899],[-0.93625,-1.25806,-1.40868],[-1.1208,1.76499,-0.26883],[-0.15526,-1.83541,-1.17053],[0.68258,-2.19223,-0.08854],[-0.39683,2.12181,0.32156],[0.441,1.76499,1.40355],[-0.95565,0.09389,-1.82324],[-1.01268,1.02806,-1.47101],[1.40654,-1.83541,0.50185],[1.22199,1.18764,1.6417],[-0.33951,-0.68071,-1.96597],[-0.48881,1.76499,-1.0438],[0.83189,-1.83541,-1.0107],[0.59031,2.12181,0.48139],[0.44148,-1.25806,-1.72781],[0.23515,2.12181,-0.45342],[-0.00594,0.25347,-2.09269],[-0.06297,1.18764,-1.74046],[2.00329,-1.25806,-0.05544],[1.85398,1.18764,0.86673],[1.64813,-1.25806,-0.99024],[1.46358,1.76499,0.14961],[1.25773,-0.68071,-1.70736],[1.10842,1.76499,-0.7852],[0.9812,0.25346,-1.93286],[0.92417,1.18764,-1.58063],[2.33685,-0.32389,-0.18216],[2.27982,0.61028,0.17007],[1.98169,-0.32389,-1.11697],[1.88942,1.18763,-0.54704],[1.70516,0.61029,-1.34248]],"faces":[[27,16,19],[7,1,9],[5,6,0],[8,10,2],[36,26,38],[11,18,24],[3,4,12],[13,25,20],[44,46,52],[48,49,54],[34,30,40],[31,35,41],[53,47,45],[39,28,37],[29,21,17],[32,22,16,27],[16,7,9,19],[9,1,3,11],[5,0,1,7],[6,8,2,0],[2,10,13,4],[27,19,26,36],[26,24,34,38],[24,18,30,34],[3,12,18,11],[4,13,20,12],[20,25,35,31],[36,38,46,44],[46,48,54,52],[54,49,47,53],[40,41,49,48],[30,31,41,40],[35,25,28,39],[44,52,50,42],[53,45,43,51],[47,39,37,45],[37,28,21,29],[14,15,6,5],[33,29,17,23],[17,21,10,8],[22,14,5,7,16],[0,2,4,3,1],[19,9,11,24,26],[12,20,31,30,18],[38,34,40,48,46],[41,35,39,47,49],[52,54,53,51,50],[45,37,29,33,43],[23,17,8,6,15],[32,27,36,44,42],[21,28,25,13,10],[42,50,51,43,33,23,15,14,22,32]]}