{"name":"pentagonal rotunda","vertices":[[-0.96841,1.3766,0.30847],[-1.31628,0.44243,0.22903],[-1.24368,1.01978,-0.58423],[-0.23543,1.3766,0.98871],[-0.79829,-0.13492,0.86018],[-0.13029,0.44243,1.32969],[-1.07356,-0.49174,-0.03251],[-0.95608,0.44243,-1.3484],[0.6753,1.01978,1.19667],[0.11244,-0.49174,1.06815],[-0.85094,-0.49174,-1.00742],[-0.33295,-1.06909,-0.37627],[0.40004,-1.06909,0.30398],[-0.21547,-0.13492,-1.69215],[1.41591,0.44243,0.85292],[1.06804,-0.49174,0.77349],[0.62265,-1.06909,-0.67093],[0.69526,-0.49174,-1.48419],[1.70351,-0.13492,0.08875],[1.42824,-0.49174,-0.80395]],"faces":[[11,16,12],[16,17,19],[12,15,9],[15,18,14],[9,5,4],[5,8,3],[4,1,6],[1,0,2],[6,10,11],[10,7,13],[11,12,9,4,6],[11,10,13,17,16],[12,16,19,18,15],[9,15,14,8,5],[4,5,3,0,1],[6,1,2,7,10],[2,0,3,8,14,18,19,17,13,7]]}