{"name":"pentagonal bipyramid","vertices":[[-0.73857,-0.41777,0.05988],[-0.33081,0.15958,0.76727],[0.25218,-0.41777,0.19561],[-0.12565,-0.41777,-0.73026],[-0.25218,0.41777,-0.19561],[0.53412,0.5164,0.41432],[0.66092,0.15958,-0.51121]],"faces":[[3,2,0],[2,1,0],[2,5,1],[0,4,3],[0,1,4],[4,1,5],[2,3,6],[3,4,6],[5,2,6],[4,5,6]]}