{"name":"pentagonal pyramid","vertices":[[-0.46143,-0.34815,0.63021],[-0.81718,0.2292,-0.10471],[-0.01666,-0.34815,-0.26544],[0.53661,-0.34815,0.56756],[-0.03901,0.58603,-0.62156],[0.79767,0.2292,-0.20607]],"faces":[[3,0,2],[5,3,2],[4,5,2],[1,4,2],[0,1,2],[0,3,5,4,1]]}