{"name":"pentagonal orthobirotunda","vertices":[[-1.56665,-0.15958,0.37173],[-1.30525,-0.93417,-0.20418],[-1.46051,0.67597,-0.16734],[-1.07438,-0.93417,0.76881],[-1.22964,0.67597,0.80565],[-1.03755,-0.57735,-1.09917],[-1.13351,0.41777,-1.0764],[-0.56175,-1.51152,0.13329],[-0.43314,-0.57735,1.44813],[-0.79651,1.25332,-0.64249],[-0.5291,0.41777,1.4709],[-0.37355,0,-1.57432],[-0.12862,-0.93417,-1.31484],[-0.42296,1.25332,0.93184],[0.16544,-1.51152,-0.55314],[0.39631,-1.51152,0.41985],[-0.15527,1.61015,0.03684],[0.4758,-0.93417,1.23247],[0.37355,0,1.57432],[0.17173,1.35195,-0.87223],[0.43314,0.57735,-1.44813],[0.82945,-0.93417,-1.02829],[0.54528,1.35195,0.7021],[1.203,-0.93417,0.54604],[1.03755,0.57735,1.09917],[1.17663,0,-1.11067],[1.07438,0.93417,-0.76881],[1.47069,-0.57735,-0.34896],[1.30525,0.93417,0.20418],[1.55018,0,0.46366]],"faces":[[15,7,14],[7,3,1],[14,12,21],[12,5,11],[21,25,27],[25,20,26],[27,29,23],[29,28,24],[23,17,15],[17,18,8],[4,10,13],[10,8,18],[13,22,16],[22,24,28],[16,19,9],[19,26,20],[9,6,2],[6,11,5],[2,0,4],[0,1,3],[15,14,21,27,23],[15,17,8,3,7],[14,7,1,5,12],[21,12,11,20,25],[27,25,26,28,29],[23,29,24,18,17],[4,13,16,9,2],[4,0,3,8,10],[13,10,18,24,22],[16,22,28,26,19],[9,19,20,11,6],[2,6,5,1,0]]}