{"name":"pentagonal cupola","vertices":[[-1.26366,-0.43809,-0.92735],[-0.43202,-0.79491,-1.35285],[-1.61057,0.13926,-0.18821],[-0.80817,-0.43809,-0.03711],[0.02347,-0.79491,-0.46261],[0.5667,-0.79491,-1.30219],[-1.34023,0.71661,0.58223],[-0.53784,0.13926,0.73334],[0.80778,-0.43809,0.04486],[1.35101,-0.43809,-0.79472],[0.46088,0.13926,0.784],[-0.55592,1.07343,1.0897],[1.62135,0.13926,-0.02428],[0.4428,1.07343,1.14036],[1.27444,0.71661,0.71486]],"faces":[[4,1,5],[8,9,12],[10,14,13],[7,11,6],[3,2,0],[4,3,0,1],[8,4,5,9],[10,8,12,14],[7,10,13,11],[3,7,6,2],[3,4,8,10,7],[2,6,11,13,14,12,9,5,1,0]]}