{"name":"pentagonal antiprism","vertices":[[-0.57709,-0.75576,0.0173],[0.27356,-0.75576,-0.50843],[0.30353,-0.75576,0.49112],[-0.44263,-0.17841,0.82265],[-0.93375,0.17841,0.028],[0.44263,0.17841,-0.82265],[0.93375,-0.17841,-0.028],[-0.27356,0.75576,0.50843],[-0.30353,0.75576,-0.49112],[0.57709,0.75576,-0.0173]],"faces":[[0,1,2],[0,2,3],[0,3,4],[1,5,6],[1,6,2],[3,7,4],[4,7,8],[5,8,9],[5,9,6],[7,9,8],[0,4,8,5,1],[2,6,9,7,3]]}