{"name":"pentagonal gyrobicupola","vertices":[[-0.6936,-0.93417,1.1244],[-1.28269,-0.93417,0.31633],[0.16042,-0.57735,1.50299],[-1.38184,-0.57735,-0.61256],[-0.28834,-0.93417,0.2102],[-0.40526,0,0.9142],[-0.99435,0,0.10613],[0.56568,-0.57735,0.58878],[-0.38748,-0.57735,-0.71869],[0.95317,0,1.30748],[-0.95317,0,-1.30748],[0.38748,0.57735,0.7187],[-0.56568,0.57735,-0.58878],[0.99435,0,-0.10613],[0.40526,0,-0.9142],[0.28834,0.93417,-0.2102],[1.38183,0.57735,0.61256],[-0.16042,0.57735,-1.50299],[1.28269,0.93417,-0.31633],[0.6936,0.93417,-1.1244]],"faces":[[4,0,1],[8,3,10],[14,17,19],[13,18,16],[7,9,2],[5,0,2],[11,9,16],[15,18,19],[12,17,10],[6,3,1],[4,7,2,0],[8,4,1,3],[14,8,10,17],[13,14,19,18],[7,13,16,9],[5,6,1,0],[11,5,2,9],[15,11,16,18],[12,15,19,17],[6,12,10,3],[7,4,8,14,13],[6,5,11,15,12]]}