{"name":"pentagonal prism","vertices":[[-0.68442,-0.68819,-0.17769],[0.17769,-0.68819,-0.68442],[-0.17769,-0.68819,0.68442],[-0.95082,0.26287,-0.0211],[0.68442,-0.68819,0.17769],[0.44409,0.26287,-0.84101],[-0.44409,0.26287,0.84101],[-0.25337,0.85065,-0.43105],[0.95082,0.26287,0.0211],[0.25337,0.85065,0.43105]],"faces":[[0,1,4,2],[0,2,6,3],[1,5,8,4],[3,6,9,7],[5,7,9,8],[0,3,7,5,1],[2,4,8,9,6]]}