{"name":"pentagonal orthobicupola","vertices":[[-0.88617,-0.93417,0.97982],[-1.3188,-0.93417,0.07825],[-0.11506,-0.57735,1.50714],[-0.89718,-0.09862,0.43052],[-0.3217,-0.93417,0.15437],[-1.24769,-0.57735,-0.85321],[-0.12606,0.2582,0.95783],[0.44941,-0.57735,0.68169],[0.7,0,1.45878],[-0.82607,0.2582,-0.50095],[-0.25059,-0.57735,-0.77709],[-0.7,0,-1.45878],[0.42162,0.83555,0.35227],[0.9971,0,0.07612],[1.24769,0.57735,0.85321],[-0.011,0.83555,-0.54931],[0.56447,0,-0.82545],[0.11506,0.57735,-1.50714],[1.3188,0.93417,-0.07825],[0.88618,0.93417,-0.97982]],"faces":[[4,0,1],[10,5,11],[16,17,19],[13,18,14],[7,8,2],[6,2,8],[12,14,18],[15,19,17],[9,11,5],[3,1,0],[4,7,2,0],[10,4,1,5],[16,10,11,17],[13,16,19,18],[7,13,14,8],[6,3,0,2],[12,6,8,14],[15,12,18,19],[9,15,17,11],[3,9,5,1],[7,4,10,16,13],[3,6,12,15,9]]}