{"name":"pentagonal gyrocupolarotunda","vertices":[[-0.77061,-0.84774,0.4013],[-1.58678,-0.27039,0.37794],[-1.36012,-0.84774,-0.40647],[-0.38276,-0.27039,1.11979],[-1.19892,0.30696,1.09644],[-0.01603,-1.20456,-0.14941],[-0.60553,-1.20456,-0.95717],[-0.34471,0.66378,1.47458],[0.61154,-0.27039,1.01314],[0.83819,-0.84774,0.22874],[-1.37064,0.14739,-0.50453],[0.38876,-1.20456,-1.06382],[-0.74308,1.08156,0.65802],[0.64959,0.66378,1.36793],[-0.14969,-0.42997,-1.39558],[1.24298,-0.84774,-0.68567],[-0.84921,0.98293,-0.33143],[1.40418,0.30696,0.81723],[-0.62255,0.40558,-1.11583],[1.63083,-0.27039,0.03282],[0.00501,1.33976,0.04671],[0.86573,1.08156,0.48546],[0.37174,0.40558,-1.22248],[1.23246,0.14738,-0.78374],[0.7596,0.98293,-0.50399]],"faces":[[5,6,11],[9,15,19],[8,17,13],[3,7,4],[0,1,2],[20,21,24],[21,13,17],[24,23,22],[23,19,15],[22,14,18],[14,11,6],[18,10,16],[10,2,1],[16,12,20],[12,4,7],[5,0,2,6],[9,5,11,15],[8,9,19,17],[3,8,13,7],[0,3,4,1],[0,5,9,8,3],[20,24,22,18,16],[20,12,7,13,21],[24,21,17,19,23],[22,23,15,11,14],[18,14,6,2,10],[16,10,1,4,12]]}