{"name":"pentagonal orthocupolarotunda","vertices":[[-1.1179,-1.20456,0.18202],[-0.90695,-0.84774,1.09206],[-0.82639,-1.20456,-0.77455],[-0.14374,-1.20456,-0.04381],[-1.37865,-0.27039,0.4256],[0.06722,-0.84774,0.86624],[-0.27409,-0.27039,1.60797],[-0.14375,-0.84774,-1.41226],[-0.90697,-0.27039,-1.12215],[0.5389,-0.84774,-0.68152],[-1.24828,0.30696,-0.38042],[-1.03733,0.66378,0.52962],[0.88024,-0.27039,0.79096],[-0.35467,0.66378,1.26037],[0.53892,0.30696,1.53269],[1.17176,-0.27039,-0.16561],[0.66927,-0.27039,-1.48754],[-0.56564,0.66378,-1.01813],[-0.22431,1.24113,0.45434],[1.22156,0.66378,0.89498],[0.40852,0.66378,-1.24396],[1.30212,0.30696,-0.97163],[0.06721,1.24113,-0.50222],[1.51308,0.66378,-0.06159],[0.74986,1.24113,0.22852]],"faces":[[3,0,2],[9,7,16],[15,21,23],[12,19,14],[5,6,1],[18,24,22],[24,19,23],[22,20,17],[20,21,16],[17,8,10],[8,7,2],[10,4,11],[4,0,1],[11,13,18],[13,6,14],[3,5,1,0],[9,3,2,7],[15,9,16,21],[12,15,23,19],[5,12,14,6],[5,3,9,15,12],[18,22,17,10,11],[18,13,14,19,24],[22,24,23,21,20],[17,20,16,7,8],[10,8,2,0,4],[11,4,1,6,13]]}