{"name":"rhombicuboctahedron","vertices":[[0.49968,-1.27427,-0.28922],[1.20724,-0.69692,0.11826],[0.00063,-1.27427,0.57735],[-0.50031,-1.27427,-0.28813],[0.4988,-0.69692,-1.10571],[0.70818,-0.69692,0.98483],[1.20786,0.11957,0.69561],[1.20635,-0.11957,-0.69824],[-0.70603,-0.69692,0.98637],[-0.5012,-0.69692,-1.10463],[-1.20698,-0.69692,0.12089],[-0.00152,0.11957,-1.39385],[0.00152,-0.11957,1.39385],[1.20698,0.69692,-0.12089],[0.5012,0.69692,1.10463],[0.70603,0.69692,-0.98637],[-1.20635,0.11957,0.69824],[-1.20786,-0.11957,-0.69561],[-0.70818,0.69692,-0.98483],[-0.4988,0.69692,1.10571],[0.50031,1.27427,0.28813],[-0.00063,1.27427,-0.57735],[-1.20724,0.69692,-0.11826],[-0.49968,1.27427,0.28922]],"faces":[[0,2,3],[1,6,5],[4,9,11],[7,15,13],[8,16,10],[12,14,19],[17,22,18],[20,21,23],[0,1,5,2],[0,3,9,4],[0,4,7,1],[1,7,13,6],[2,5,12,8],[2,8,10,3],[3,10,17,9],[4,11,15,7],[5,6,14,12],[6,13,20,14],[8,12,19,16],[9,17,18,11],[10,16,22,17],[11,18,21,15],[13,15,21,20],[14,20,23,19],[16,19,23,22],[18,22,23,21]]}