{"name":"rhombicosidodecahedron","vertices":[[0.39599,-2.15702,-0.42015],[1.30509,-1.8002,-0.20519],[0.16587,-2.15702,0.55301],[-0.56186,-2.15702,-0.13286],[0.1276,-1.8002,-1.31494],[1.07497,-1.8002,0.76798],[1.81821,-1.22285,0.42993],[1.59856,-1.22285,-0.96712],[-0.47485,-1.8002,1.23283],[-0.83024,-1.8002,-1.02765],[-1.20257,-1.8002,0.54696],[0.87083,-1.22285,-1.65299],[-0.53677,-1.22285,-1.78958],[0.99611,-1.22285,1.58066],[2.11168,-0.6455,-0.332],[1.73934,-0.6455,1.24261],[1.84329,-0.28867,-1.22679],[0.03827,-1.22285,1.86795],[-1.28144,-1.22285,1.35964],[-1.63683,-1.22285,-0.90084],[-1.86694,-1.22285,0.07233],[0.20646,-0.6455,-2.12762],[1.11557,-0.28867,-1.91265],[-1.34336,-0.6455,-1.66277],[1.09862,-0.28868,1.92244],[2.21419,0.28868,0.00978],[1.98407,0.28868,0.98295],[1.94581,0.6455,-0.88501],[-0.76832,-0.6455,1.99476],[0.14078,-0.28868,2.20973],[-1.94581,-0.6455,0.88501],[-1.98407,-0.28868,-0.98295],[-2.21419,-0.28868,-0.00978],[-0.14078,0.28868,-2.20973],[0.76832,0.6455,-1.99476],[-1.09862,0.28868,-1.92244],[1.34336,0.6455,1.66277],[1.86694,1.22285,-0.07233],[1.63683,1.22285,0.90084],[1.28144,1.22285,-1.35964],[-1.11557,0.28867,1.91265],[-0.20646,0.6455,2.12762],[-1.84329,0.28867,1.22679],[-1.73934,0.6455,-1.24261],[-2.11168,0.6455,0.332],[-0.03827,1.22285,-1.86795],[-0.99611,1.22285,-1.58066],[0.53677,1.22285,1.78958],[1.20257,1.8002,-0.54696],[0.83024,1.8002,1.02765],[0.47485,1.8002,-1.23283],[-0.87083,1.22285,1.65299],[-1.59856,1.22285,0.96712],[-1.81821,1.22285,-0.42993],[-1.07497,1.8002,-0.76798],[-0.1276,1.8002,1.31494],[0.56186,2.15702,0.13286],[-0.16587,2.15702,-0.55301],[-1.30509,1.8002,0.20519],[-0.39599,2.15702,0.42015]],"faces":[[0,2,3],[1,6,5],[4,9,12],[7,16,14],[8,18,10],[11,21,22],[13,15,24],[17,29,28],[19,31,23],[20,30,32],[25,27,37],[26,38,36],[33,45,34],[35,43,46],[39,50,48],[40,41,51],[42,52,44],[47,49,55],[53,58,54],[56,57,59],[0,1,5,2],[0,3,9,4],[1,7,14,6],[2,8,10,3],[4,12,21,11],[5,6,15,13],[7,11,22,16],[8,17,28,18],[9,19,23,12],[10,18,30,20],[13,24,29,17],[14,16,27,25],[15,26,36,24],[19,20,32,31],[21,33,34,22],[23,31,43,35],[25,37,38,26],[27,39,48,37],[28,29,41,40],[30,42,44,32],[33,35,46,45],[34,45,50,39],[36,38,49,47],[40,51,52,42],[41,47,55,51],[43,53,54,46],[44,52,58,53],[48,50,57,56],[49,56,59,55],[54,58,59,57],[0,4,11,7,1],[2,5,13,17,8],[3,10,20,19,9],[6,14,25,26,15],[12,23,35,33,21],[16,22,34,39,27],[18,28,40,42,30],[24,36,47,41,29],[31,32,44,53,43],[37,48,56,49,38],[45,46,54,57,50],[51,55,59,58,52]]}