{"name":"snub cube","vertices":[[-0.57151,-1.21336,-0.08189],[0.35668,-1.21336,-0.454],[0.21483,-1.21336,0.53589],[-0.65603,-0.82335,0.83503],[-1.2451,-0.49603,0.09621],[-0.86862,-0.61131,-0.82302],[0.05957,-0.61131,-1.19512],[0.96676,-0.49603,-0.79051],[1.05118,-0.82335,0.15063],[0.70587,-0.49603,1.03018],[-0.165,-0.10602,1.32932],[-1.02408,0.10602,0.86347],[-1.20251,0.28398,-0.52811],[-0.49317,0.22131,-1.23019],[0.50471,0.28398,-1.21251],[1.17541,0.43335,-0.48599],[1.25983,0.10602,0.45515],[0.59861,0.49603,1.09599],[-0.34195,0.82335,1.00535],[-0.98149,0.88603,0.23915],[-0.55454,1.03539,-0.6527],[0.44334,1.09807,-0.63502],[0.85389,1.00131,0.27167],[-0.08666,1.32864,0.18103]],"faces":[[0,1,2],[0,2,3],[0,3,4],[0,4,5],[1,6,7],[1,7,8],[1,8,2],[2,8,9],[3,10,11],[3,11,4],[4,12,5],[5,12,13],[5,13,6],[6,13,14],[6,14,7],[7,14,15],[8,16,9],[9,16,17],[9,17,10],[10,17,18],[10,18,11],[11,18,19],[12,19,20],[12,20,13],[14,21,15],[15,21,22],[15,22,16],[16,22,17],[18,23,19],[19,23,20],[20,23,21],[21,23,22],[0,5,6,1],[2,9,10,3],[4,11,19,12],[7,15,16,8],[13,20,21,14],[17,22,23,18]]}