{"name":"snub square antiprism","vertices":[[1.07014,0.52238,-0.29703],[0.28094,1.12955,-0.38924],[0.4797,0.69804,0.4907],[1.11621,-0.0731,0.50502],[0.30777,0.26478,-0.89069],[-0.46842,0.83498,0.2038],[0.7946,-0.43617,-0.36948],[-0.55658,0.75735,-0.78928],[0.22007,-0.15631,0.9409],[0.62468,-0.94345,0.47539],[-0.72806,-0.01937,0.654],[-0.54624,-0.2425,-0.77522],[-1.18432,0.2592,-0.19112],[-0.05941,-0.94345,-0.25401],[-0.34904,-0.94345,0.70313],[-1.00204,-0.70848,-0.01686]],"faces":[[13,9,14],[9,13,6],[9,6,3],[11,15,12],[15,11,13],[15,13,14],[4,7,1],[7,4,11],[7,11,12],[6,0,3],[0,6,4],[0,4,1],[2,3,0],[3,2,8],[3,8,9],[5,1,7],[1,5,2],[1,2,0],[10,12,15],[12,10,5],[12,5,7],[8,14,9],[14,8,10],[14,10,15],[13,11,4,6],[2,5,10,8]]}