{"name":"snub disphenoid","vertices":[[-0.22143,-0.2503,0.86758],[0.24191,0.49679,0.39053],[-0.75417,0.41805,0.34817],[0.47125,-0.45245,0.17554],[-0.21541,0.40866,-0.4944],[0.77473,0.28417,-0.42872],[-0.49774,-0.45245,-0.07173],[0.20086,-0.45245,-0.78696]],"faces":[[6,7,3],[3,7,5],[3,5,1],[4,7,6],[7,4,5],[5,4,1],[4,2,1],[1,2,0],[1,0,3],[6,2,4],[2,6,0],[0,6,3]]}