{"name":"snub dodecahedron","vertices":[[-0.55332,-2.07709,-0.16484],[0.41942,-2.07709,-0.39677],[0.13391,-2.07709,0.56161],[-0.81498,-1.84093,0.77098],[-1.42442,-1.6182,0.01007],[-1.05032,-1.64428,-0.91695],[0.5236,-1.64428,-1.29221],[1.27573,-1.61819,-0.63372],[1.07518,-1.84093,0.32031],[0.72094,-1.61819,1.22855],[-0.8144,-1.23608,1.56732],[-1.55878,-1.18539,0.90149],[-1.78074,-0.99992,-0.69048],[-1.2457,-0.87569,-1.52612],[-0.38475,-1.37679,-1.6137],[0.42309,-0.87569,-1.92401],[1.27762,-0.99992,-1.41968],[1.8846,-0.82499,-0.64445],[1.56011,-1.18539,0.8992],[1.07619,-0.80327,1.68648],[0.13485,-1.09842,1.85011],[-0.55169,-0.39813,2.04567],[-1.42328,-0.44288,1.55748],[-1.99814,-0.29963,0.75186],[-2.13532,-0.185,-0.23203],[-1.80406,-0.1247,-1.17364],[-0.48744,-0.48015,-2.04438],[0.32406,0.09803,-2.12909],[1.70672,-0.10298,-1.31307],[2.10953,0.1247,-0.42656],[2.06035,-0.5575,0.30295],[1.76549,-0.25741,1.21014],[0.42125,-0.17539,2.10699],[-0.25788,0.55751,2.06648],[-1.66814,0.48509,1.27657],[-2.03457,0.6178,0.35564],[-1.93469,0.70782,-0.63528],[-1.3909,0.73497,-1.47406],[-0.57718,0.5153,-2.01221],[0.24871,1.05861,-1.86148],[1.11739,0.5756,-1.75151],[1.71471,0.84549,-0.99628],[2.04824,0.4168,0.52787],[1.53657,0.70783,1.33626],[0.70578,0.75852,1.89054],[0.00119,1.41661,1.62507],[-0.94788,1.10337,1.59115],[-1.49408,1.33982,0.78756],[-1.33247,1.48548,-0.81578],[-0.63386,1.3864,-1.52439],[0.96437,1.44327,-1.27851],[1.40939,1.58305,-0.39396],[1.61552,1.3181,0.54801],[0.92466,1.49396,1.24928],[-0.63499,1.81921,0.96691],[-1.06015,1.87608,0.06358],[-0.46365,1.97364,-0.73308],[0.52411,2.00879,-0.58111],[0.85921,1.94438,0.35886],[-0.1047,2.14539,0.18435]],"faces":[[0,1,2],[0,2,3],[0,3,4],[0,4,5],[1,6,7],[1,7,8],[1,8,2],[2,8,9],[3,10,11],[3,11,4],[4,12,5],[5,12,13],[5,13,14],[6,14,15],[6,15,16],[6,16,7],[7,16,17],[8,18,9],[9,18,19],[9,19,20],[10,20,21],[10,21,22],[10,22,11],[11,22,23],[12,24,25],[12,25,13],[13,26,14],[14,26,15],[15,26,27],[16,28,17],[17,28,29],[17,29,30],[18,30,31],[18,31,19],[19,32,20],[20,32,21],[21,32,33],[22,34,23],[23,34,35],[23,35,24],[24,35,36],[24,36,25],[25,36,37],[26,38,27],[27,38,39],[27,39,40],[28,40,41],[28,41,29],[29,42,30],[30,42,31],[31,42,43],[32,44,33],[33,44,45],[33,45,46],[34,46,47],[34,47,35],[36,48,37],[37,48,49],[37,49,38],[38,49,39],[39,50,40],[40,50,41],[41,50,51],[42,52,43],[43,52,53],[43,53,44],[44,53,45],[45,54,46],[46,54,47],[47,54,55],[48,55,56],[48,56,49],[50,57,51],[51,57,58],[51,58,52],[52,58,53],[54,59,55],[55,59,56],[56,59,57],[57,59,58],[0,5,14,6,1],[2,9,20,10,3],[4,11,23,24,12],[7,17,30,18,8],[13,25,37,38,26],[15,27,40,28,16],[19,31,43,44,32],[21,33,46,34,22],[29,41,51,52,42],[35,47,55,48,36],[39,49,56,57,50],[45,53,58,59,54]]}