{"name":"sphenomegacorona","vertices":[[-0.50018,0.60191,0.03083],[-0.7679,-0.06793,0.72333],[0.10457,0.41384,0.80467],[-1.30842,0.03074,-0.11215],[0.49145,0.60191,-0.09803],[-0.61153,0.09866,-0.82606],[0.09056,-0.5802,0.6969],[-0.51692,-0.5802,-0.09796],[0.92727,-0.06793,0.50304],[0.38009,0.09866,-0.95492],[0.47471,-0.5802,-0.22682],[1.2363,0.03074,-0.44284]],"faces":[[6,7,10],[3,7,1],[3,5,7],[10,11,8],[10,9,11],[1,7,6],[6,10,8],[2,4,0],[11,4,8],[11,9,4],[0,3,1],[0,5,3],[8,2,6],[8,4,2],[2,1,6],[2,0,1],[7,5,9,10],[4,9,5,0]]}