{"name":"sphenocorona","vertices":[[-0.98297,-0.07735,0.15726],[-0.6419,0.33383,-0.68808],[-0.36364,-0.59274,-0.43503],[-0.22399,-0.59274,0.55517],[-0.27254,0.39881,0.6755],[0.06853,0.80999,-0.16984],[0.3145,0.05646,-0.7795],[0.56372,-0.59274,-0.06087],[0.59861,-0.07735,0.79537],[0.93968,0.33383,-0.04997]],"faces":[[7,3,2],[2,1,6],[2,3,0],[2,0,1],[1,5,6],[6,5,9],[3,4,0],[4,3,8],[9,7,6],[9,8,7],[7,8,3],[6,7,2],[1,0,4,5],[5,4,8,9]]}