{"name":"square antiprism","vertices":[[-0.5725,-0.58604,0.07465],[0.2216,-0.58604,-0.53313],[0.3509,-0.58604,0.45848],[-0.31339,0.10055,0.75396],[-0.71785,0.38494,-0.11525],[0.07625,0.38494,-0.72304],[0.80964,0.10055,-0.10557],[0.14535,0.78714,0.18991]],"faces":[[0,1,2],[0,2,3],[0,3,4],[1,5,6],[1,6,2],[3,7,4],[4,7,5],[5,7,6],[0,4,5,1],[2,6,7,3]]}