{"name":"square pyramid","vertices":[[-0.51728,0.4899,0.11145],[-0.44744,-0.3266,-0.46166],[-0.05587,-0.3266,0.45849],[0.47538,0.4899,0.23241],[0.54521,-0.3266,-0.3407]],"faces":[[1,4,2],[0,1,2],[3,0,2],[4,3,2],[4,1,0,3]]}