{"name":"square orthobicupola","vertices":[[-0.50461,-0.9856,0.69359],[0.10507,-0.40825,1.23669],[-0.8187,-0.9856,-0.25581],[0.16055,-0.9856,-0.05311],[-0.93572,-0.1691,0.30956],[0.77022,-0.40825,0.48999],[-0.32604,0.40825,0.85266],[0.6532,0.40825,1.05535],[-0.6532,-0.40825,-1.05535],[0.32604,-0.40825,-0.85266],[-0.77022,0.40825,-0.48999],[0.93572,0.1691,-0.30956],[-0.16054,0.9856,0.05311],[0.8187,0.9856,0.2558],[-0.10507,0.40825,-1.23669],[0.50461,0.9856,-0.69359]],"faces":[[3,0,2],[9,8,14],[11,15,13],[5,7,1],[6,1,7],[12,13,15],[10,14,8],[4,2,0],[5,3,9,11],[3,5,1,0],[9,3,2,8],[11,9,14,15],[5,11,13,7],[4,6,12,10],[6,4,0,1],[12,6,7,13],[10,12,15,14],[4,10,8,2]]}