{"name":"square cupola","vertices":[[-0.81631,-0.27217,-1.01105],[0.00014,-0.84952,-1.02029],[-0.805,-0.27217,-0.01112],[0.01144,-0.84952,-0.02035],[-1.09931,0.54433,-0.50782],[0.87176,-0.84952,-0.53011],[-0.38878,0.30518,0.69133],[0.42766,-0.27217,0.68209],[-0.68309,1.12168,0.19462],[1.28798,-0.27217,0.17233],[0.18853,1.12168,0.6848],[1.00498,0.54433,0.67557]],"faces":[[3,1,5],[7,9,11],[6,10,8],[2,4,0],[2,3,7,6],[3,2,0,1],[7,3,5,9],[6,7,11,10],[2,6,8,4],[4,8,10,11,9,5,1,0]]}