{"name":"square gyrobicupola","vertices":[[-0.08948,-0.9856,0.85305],[-0.83675,-0.9856,0.18854],[0.71021,-0.40825,1.01786],[-0.20185,0,0.97942],[0.11237,-0.9856,-0.12637],[-0.94912,0,0.3149],[-1.09387,-0.40825,-0.58642],[0.91206,-0.40825,0.03844],[1.09387,0.40825,0.58642],[0.18181,0.8165,0.54798],[-0.14475,-0.40825,-0.90132],[-0.56547,0.8165,-0.11654],[0.65494,0.1691,-0.73651],[-0.71021,0.40825,-1.01786],[0.83675,0.9856,-0.18854],[0.08948,0.9856,-0.85305]],"faces":[[4,0,1],[10,6,13],[12,15,14],[7,8,2],[3,0,2],[9,8,14],[11,15,13],[5,6,1],[7,4,10,12],[4,7,2,0],[10,4,1,6],[12,10,13,15],[7,12,14,8],[5,3,9,11],[3,5,1,0],[9,3,2,8],[11,9,14,15],[5,11,13,6]]}