{"name":"tetrahedron","vertices":[[-0.52438,-0.20412,0.24158],[0.05297,-0.20412,-0.57491],[0.4714,-0.20412,0.33333],[0,0.61237,0]],"faces":[[0,1,2],[0,2,3],[0,3,1],[1,3,2]]}