{"name":"triangular prism","vertices":[[-0.18898,-0.5,0.54555],[0.56695,-0.5,-0.10911],[-0.18898,0.5,0.54554],[-0.37796,-0.5,-0.43644],[0.56695,0.5,-0.10911],[-0.37796,0.5,-0.43644]],"faces":[[0,3,1],[2,4,5],[0,1,4,2],[0,2,5,3],[1,3,5,4]]}