{"name":"triangular orthobicupola","vertices":[[-0.98825,0,-0.15286],[-0.62651,0,0.77941],[-0.53825,-0.8165,0.20885],[-0.53825,0.8165,0.20885],[-0.36174,0,-0.93228],[0.08826,-0.8165,-0.57056],[0.08826,0.8165,-0.57056],[0.36174,0,0.93228],[0.45,-0.8165,0.36171],[0.44999,0.8165,0.36171],[0.62651,0,-0.77941],[0.98825,0,0.15286]],"faces":[[2,5,8],[5,4,10],[8,11,7],[2,1,0],[6,3,9],[3,0,1],[9,7,11],[6,10,4],[5,2,0,4],[8,5,10,11],[2,8,7,1],[3,6,4,0],[9,3,1,7],[6,9,11,10]]}