{"name":"triaugmented triangular prism","vertices":[[-0.04217,-0.57492,0.50103],[-0.79849,-0.57492,-0.15317],[-0.60919,0.24158,0.39226],[0.36877,0.33333,0.57986],[0.88822,-0.41667,0.17039],[0.14622,-0.57492,-0.48107],[-0.42079,0.24158,-0.58984],[-0.08973,0.99158,-0.01721],[0.55716,0.33333,-0.40224]],"faces":[[1,5,0],[8,4,5],[4,0,5],[4,3,0],[8,3,4],[5,6,8],[8,6,7],[8,7,3],[3,7,2],[7,6,2],[3,2,0],[0,2,1],[2,6,1],[1,6,5]]}