{"name":"triangular hebesphenorotunda","vertices":[[-1.08296,0.13698,-0.49338],[-0.72715,-0.7972,-0.5203],[-0.91197,0.71433,0.30501],[-0.67824,-0.21984,-1.33533],[-0.20036,-1.15402,0.25117],[-0.38518,0.3575,1.07648],[-0.02937,-0.57667,1.04956],[-0.47703,0.71433,-1.04065],[-0.23059,1.29168,0.75489],[-0.30604,1.29168,-0.24226],[0.09868,-0.79719,-1.08422],[0.70092,-1.15402,0.6844],[0.62547,-1.15402,-0.31275],[0.54633,0.71433,1.006],[0.42425,0.71433,-0.60742],[0.90214,-0.21985,0.97908],[0.78006,-0.21984,-0.63434],[0.95105,0.35751,0.16405]],"faces":[[12,11,4],[11,6,4],[6,11,15],[13,15,17],[5,13,8],[2,5,8],[2,8,9],[7,9,14],[16,14,17],[3,0,7],[3,1,0],[1,3,10],[12,10,16],[6,15,13,5],[2,9,7,0],[12,4,1,10],[11,12,16,17,15],[8,13,17,14,9],[16,10,3,7,14],[1,4,6,5,2,0]]}