{"name":"triangular cupola","vertices":[[-0.94193,0.27217,0.33582],[-0.76179,0.27217,-0.64782],[-0.56791,-0.54433,-0.104],[-0.18014,0.27217,0.98364],[0.19388,-0.54433,0.54382],[0.18014,0.27217,-0.98364],[0.37402,-0.54433,-0.43982],[0.76179,0.27217,0.64783],[0.94193,0.27217,-0.33582]],"faces":[[2,6,4],[6,5,8],[4,7,3],[2,0,1],[6,2,1,5],[4,6,8,7],[2,4,3,0],[0,3,7,8,5,1]]}