{"name":"triaugmented truncated dodecahedron","vertices":[[-0.48192,2.82845,-0.1403],[0.20983,2.82845,0.58184],[-1.37885,2.47163,-0.40142],[0.48935,2.82845,-0.3783],[0.43216,2.47163,1.48917],[1.16529,2.72983,0.86],[-2.13838,1.89428,-0.10178],[1.44481,2.72983,-0.10014],[-1.85886,1.89428,-1.06192],[0.10016,1.89428,2.23512],[1.16395,2.47163,-1.02451],[-2.47038,1.31693,0.64417],[1.07142,1.89428,1.99712],[1.80455,2.15248,1.36794],[-0.65937,1.31693,2.53476],[-2.24805,0.96011,1.5515],[-1.55631,0.96011,2.27364],[-1.73859,1.31693,-1.86951],[2.25682,2.15248,-0.18559],[1.28422,1.89428,-1.8321],[1.97597,1.89428,-1.10996],[2.47915,1.79566,0.72173],[-2.72806,0.38276,0.891],[1.88343,1.31693,1.91167],[-2.18186,0.18551,2.18048],[-1.06399,0.9601,-2.51572],[-0.91705,0.38276,2.78159],[0.80421,1.31693,-2.4926],[-0.09272,0.9601,-2.75372],[-1.82352,0.38276,-2.21608],[2.61523,1.31693,-0.60201],[-2.66187,-0.39184,1.51999],[2.55804,0.96011,1.26546],[-1.5426,-0.39184,2.68843],[-2.81298,-0.55142,0.54443],[2.83756,0.96011,0.30532],[2.22604,0.38276,2.01141],[0.71929,0.38275,-2.83917],[-0.57445,-0.55141,2.88133],[-2.08119,-0.55142,-1.96925],[-2.69272,-1.12877,-0.26316],[2.95783,0.38276,-0.50227],[-2.31927,-1.32601,1.61972],[-2.4132,-1.12877,-1.2233],[-1.62753,-1.32601,2.34186],[-2.47038,-1.48559,0.64417],[1.96836,-0.55141,2.25824],[0.23757,-1.12876,2.79588],[-0.65937,-1.48559,2.53476],[1.06189,-0.55142,-2.73943],[1.20883,-1.12876,2.55788],[-1.73859,-1.48559,-1.86951],[2.8729,-0.55142,-0.84884],[-1.83112,-2.06294,1.15212],[-1.13938,-2.06294,1.87426],[1.88344,-1.48559,1.91167],[1.70115,-1.12877,-2.23148],[-0.67053,0.18551,-3.01089],[2.39289,-1.12877,-1.50934],[0.80421,-1.48559,-2.4926],[-0.92658,-2.06294,-1.95496],[0.14148,-0.39184,-3.09634],[2.61523,-1.48559,-0.60201],[-1.01911,-2.64029,1.06667],[0.04469,-2.06294,-2.19296],[2.0037,-2.06294,1.10408],[-1.43006,-0.39184,-2.71125],[2.28322,-2.06294,0.14394],[-0.28732,-2.64029,-1.44701],[-0.1162,-1.32602,-2.84951],[-0.34451,-2.99711,0.42046],[1.52369,-2.64029,0.44358],[-1.08746,-1.32602,-2.61151],[-0.06499,-2.99711,-0.53968],[0.62676,-2.99711,0.18246]],"faces":[[70,73,74],[54,53,63],[60,64,68],[43,39,51],[49,56,59],[28,27,37],[52,62,58],[30,35,41],[65,71,67],[50,55,46],[3,0,1],[20,19,10],[8,6,2],[25,29,17],[22,15,11],[45,34,40],[26,14,16],[48,47,38],[12,4,9],[32,23,36],[13,12,23],[21,32,35],[18,30,20],[3,7,10],[5,1,4],[31,22,34],[42,45,53],[44,54,48],[26,33,38],[24,16,15],[66,39,29],[57,25,28],[61,37,49],[69,59,64],[72,60,51],[13,5,4,12],[21,13,23,32],[18,21,35,30],[7,18,20,10],[5,7,3,1],[31,24,15,22],[42,31,34,45],[44,42,53,54],[33,44,48,38],[24,33,26,16],[66,72,51,39],[66,29,25,57],[57,28,37,61],[61,49,59,69],[69,64,60,72],[5,13,21,18,7],[24,31,42,44,33],[72,66,57,61,69],[68,64,59,56,58,62,67,71,74,73],[40,43,51,60,68,73,70,63,53,45],[54,63,70,74,71,65,55,50,47,48],[20,30,41,52,58,56,49,37,27,19],[36,46,55,65,67,62,52,41,35,32],[2,6,11,15,16,14,9,4,1,0],[28,25,17,8,2,0,3,10,19,27],[43,40,34,22,11,6,8,17,29,39],[46,36,23,12,9,14,26,38,47,50]]}