{"name":"triangular bipyramid","vertices":[[-0.35972,-0.27217,0.36036],[0.20028,-0.27217,-0.46813],[-0.63777,0.27217,-0.43109],[0.63777,-0.27217,0.43109],[0.15944,0.54433,0.10777]],"faces":[[1,3,0],[3,4,0],[3,1,4],[0,2,1],[0,4,2],[2,4,1]]}