{"name":"triaugmented hexagonal prism","vertices":[[-1.10211,0.09175,-0.16413],[-1.03546,0.45412,-1.09377],[-0.78991,0.09175,0.78589],[-0.55362,0.90825,-0.34438],[-0.58644,-0.40825,-0.85989],[-0.24142,0.90825,0.60564],[-0.1848,0.45412,1.49478],[-0.03795,0.40825,-1.04014],[0.03795,-0.40825,1.04014],[0.24142,-0.90825,-0.60564],[0.58644,0.40825,0.85989],[0.55362,-0.90825,0.34437],[0.78991,-0.09175,-0.78589],[1.10211,-0.09175,0.16413],[1.22026,-0.90825,-0.40101]],"faces":[[9,14,11],[9,12,14],[11,14,13],[13,14,12],[8,6,2],[8,10,6],[2,6,5],[5,6,10],[0,1,4],[0,3,1],[4,1,7],[7,1,3],[9,4,7,12],[8,11,13,10],[0,2,5,3],[0,4,9,11,8,2],[10,13,12,7,3,5]]}