{"name":"triaugmented dodecahedron","vertices":[[-0.2854,-0.85953,-1.05234],[0.35747,-1.27731,-0.41032],[-1.10656,-0.60133,-0.54339],[-0.06637,-1.27731,0.49541],[-0.86293,-0.11219,-1.38088],[-0.97119,-0.85953,0.41317],[0.92994,-1.27731,0.4096],[0.13278,-0.02398,-1.40869],[1.17297,-0.69995,-0.36989],[-1.19589,0.39379,-0.58519],[1.0341,0.07464,-0.98691],[0.48717,-0.69996,1.09562],[-0.42993,0.75061,-1.11997],[-0.97686,-0.02398,0.96256],[1.25313,-0.34313,0.56084],[-1.11573,0.75061,0.34554],[-0.07554,0.07464,1.38434],[1.02843,0.91019,-0.43752],[0.12361,1.32797,-0.51976],[-0.63938,0.88293,1.21478],[1.1638,0.65199,0.51904],[-0.30023,1.32796,0.38598],[0.34264,0.91019,1.02799]],"faces":[[6,3,1],[6,1,8],[6,11,3],[6,14,11],[14,6,8],[19,22,21],[19,21,15],[19,16,22],[19,13,16],[13,19,15],[4,0,2],[4,2,9],[4,7,0],[4,12,7],[12,4,9],[20,17,18,21,22],[9,15,21,18,12],[11,14,20,22,16],[8,10,17,20,14],[7,12,18,17,10],[10,8,1,0,7],[16,13,5,3,11],[15,9,2,5,13],[2,0,1,3,5]]}