{"name":"tridiminished rhombicosidodecahedron","vertices":[[-0.16607,-0.19245,2.14997],[0.82656,-0.19245,2.02875],[-0.49444,0.74173,2.01033],[1.11167,0.74172,1.8142],[0.29525,1.31908,1.80281],[-0.20932,-1.12662,1.79578],[-1.02574,-0.54927,1.7844],[0.7833,-1.12662,1.67456],[-1.35411,0.3849,1.64476],[1.52973,1.31907,1.11285],[0.71332,1.89642,1.10146],[-0.60768,-1.70397,1.08306],[-1.42409,-1.12662,1.07167],[0.99843,-1.70397,0.88692],[-1.9554,0.3849,0.84573],[1.92107,1.31907,0.1926],[0.60008,2.25324,0.17418],[0.13875,-2.06079,0.52134],[-1.99865,-0.54927,0.49154],[1.34651,1.89642,-0.38753],[-1.20897,-1.70397,0.28402],[1.38976,-1.70397,-0.03333],[-2.06864,0.74172,-0.08155],[2.13619,0.74172,-0.59505],[-0.00121,2.25324,-0.62485],[-0.46254,-2.06079,-0.27768],[-1.78353,-1.12662,-0.2961],[0.53009,-2.06079,-0.3989],[-2.11189,-0.19245,-0.43574],[1.80782,-1.12663,-0.73468],[-1.65057,1.31907,-0.7829],[2.09294,-0.19245,-0.94924],[-0.86089,1.89642,-0.99042],[1.56163,1.31907,-1.17517],[0.74522,1.89642,-1.18656],[-0.57578,-1.70398,-1.20497],[-1.3922,-1.12662,-1.21635],[0.41685,-1.70397,-1.32619],[-1.72056,-0.19245,-1.35599],[1.20653,-1.12663,-1.53371],[-1.43545,0.74172,-1.57054],[1.49165,-0.19246,-1.74826],[-0.64576,1.31907,-1.77807],[1.16328,0.74172,-1.8879],[0.34687,1.31907,-1.89928]],"faces":[[25,27,17],[20,11,12],[5,0,6],[26,18,28],[34,19,33],[35,37,27,25],[27,21,13,17],[25,17,11,20],[11,5,6,12],[6,0,2,8],[7,1,0,5],[3,9,10,4],[20,12,18,26],[18,14,22,28],[26,28,38,36],[30,32,42,40],[24,16,19,34],[39,41,31,29],[44,34,33,43],[33,19,15,23],[37,39,29,21,27],[17,13,7,5,11],[1,3,4,2,0],[12,6,8,14,18],[28,22,30,40,38],[32,24,34,44,42],[43,33,23,31,41],[35,25,20,26,36],[19,16,10,9,15],[1,7,13,21,29,31,23,15,9,3],[32,30,22,14,8,2,4,10,16,24],[36,38,40,42,44,43,41,39,37,35]]}