{"name":"tridiminished icosahedron","vertices":[[0.57516,-0.69629,-0.05027],[0.53576,-0.11894,0.76527],[0.39486,-0.11894,-0.84662],[0.33112,0.81523,0.47296],[-0.24404,-0.69629,0.52324],[0.24404,0.81523,-0.52324],[-0.33112,-0.69629,-0.47296],[-0.57516,0.81523,0.05027],[-0.93062,-0.11894,0.08135]],"faces":[[0,4,6],[4,8,6],[6,2,0],[0,1,4],[5,7,3],[6,8,7,5,2],[0,2,5,3,1],[7,8,4,1,3]]}