{"name":"trigyrate rhombicosidodecahedron","vertices":[[-2.19999,0.28868,0.25058],[-2.13526,-0.64549,-0.10032],[-2.03053,0.6455,-0.66809],[-1.9658,-0.28867,-1.019],[-1.81808,1.12423,0.64556],[-1.86538,0.28868,1.19294],[-1.64863,1.48105,-0.27311],[-1.69428,-1.22285,-0.78749],[-1.76065,-1.22284,0.62517],[-1.42173,1.22285,-1.21218],[-1.59385,-0.64549,1.42444],[-1.317,-0.28867,-1.77995],[-1.31966,-1.8002,-0.062],[-0.98075,0.6455,-1.89935],[-1.04548,-1.22285,-1.54845],[-1.10722,1.48105,1.25165],[-1.15451,0.6455,1.79903],[-0.83303,2.0584,-0.2348],[-0.98506,-1.80019,0.88035],[-0.88298,-0.28867,2.03053],[-0.60614,1.8002,-1.17387],[-0.81826,-1.22285,1.67963],[-0.41879,-0.1291,-2.18952],[-0.49842,2.0584,0.70756],[-0.43934,-2.15702,-0.37459],[-0.16515,1.22285,-1.86103],[-0.26988,-1.8002,-1.29326],[-0.33891,1.22285,1.83735],[-0.14727,-1.06327,-1.95802],[0.10473,2.15702,-0.56778],[-0.10473,-2.15702,0.56777],[0.39681,0.44825,-2.15121],[0.10043,-0.28867,2.21193],[0.26989,1.8002,1.29325],[0.16515,-1.22285,1.86103],[0.43934,2.15702,0.37458],[0.43668,0.6455,2.09253],[0.54407,-2.15702,-0.19319],[0.81826,1.22284,-1.67964],[0.71353,-1.8002,-1.11186],[0.60614,-1.8002,1.17386],[0.83614,-1.06327,-1.77662],[0.98506,1.8002,-0.88036],[1.1724,-0.1291,-1.89602],[1.04548,1.22285,1.54844],[1.0558,-0.1291,1.96334],[1.12053,-1.06327,1.61243],[1.31967,1.8002,0.062],[1.25493,-1.8002,0.4129],[1.59385,0.64549,-1.42445],[1.52912,-1.22285,-1.07354],[1.76065,1.22284,-0.62517],[1.69428,1.22285,0.78749],[1.6646,0.44825,1.41924],[1.86538,-0.28868,-1.19294],[1.76932,-1.06327,0.85148],[1.86373,-1.22285,-0.13119],[2.13526,0.64549,0.10032],[2.10558,-0.1291,0.73208],[2.19999,-0.28868,-0.25058]],"faces":[[30,24,37],[14,28,26],[11,13,22],[25,38,31],[48,56,55],[59,57,58],[39,41,50],[43,49,54],[40,46,34],[45,36,32],[53,52,44],[51,42,47],[21,19,10],[27,15,16],[33,35,23],[29,20,17],[18,8,12],[1,3,7],[5,4,0],[6,9,2],[18,12,24,30],[24,26,39,37],[26,28,41,39],[11,22,28,14],[13,25,31,22],[31,38,49,43],[30,37,48,40],[56,59,58,55],[58,57,52,53],[50,54,59,56],[41,43,54,50],[49,38,42,51],[48,55,46,40],[46,45,32,34],[36,44,33,27],[53,44,36,45],[57,51,47,52],[47,42,29,35],[34,32,19,21],[19,16,5,10],[16,15,4,5],[33,23,15,27],[35,29,17,23],[17,20,9,6],[21,10,8,18],[8,1,7,12],[7,3,11,14],[0,2,3,1],[4,6,2,0],[9,20,25,13],[12,7,14,26,24],[22,31,43,41,28],[37,39,50,56,48],[54,49,51,57,59],[55,58,53,45,46],[52,47,35,33,44],[32,36,27,16,19],[23,17,6,4,15],[10,5,0,1,8],[2,9,13,11,3],[18,30,40,34,21],[20,29,42,38,25]]}