{"name":"truncated cuboctahedron","vertices":[[-0.5961,-2.20711,-0.38036],[0.38036,-2.20711,-0.5961],[-0.38036,-2.20711,0.5961],[-1.39442,-1.70711,-0.71603],[0.59609,-2.20711,0.38036],[0.96294,-1.70711,-1.23687],[-0.96294,-1.70711,1.23687],[-1.54697,-1,-1.40649],[-1.97701,-1.20711,-0.07525],[1.39442,-1.70711,0.71603],[0.81039,-1,-1.92733],[1.76127,-1.20711,-0.9012],[-0.81039,-1,1.92733],[-1.76127,-1.20711,0.9012],[-2.12956,-0.5,-0.76571],[-0.96439,-0.5,-2.04726],[1.54697,-1,1.40649],[1.97701,-1.20711,0.07525],[1.60871,-0.5,-1.59165],[0.01207,-0.5,-2.263],[-1.60872,-0.5,1.59165],[-0.01207,-0.5,2.263],[-2.12956,0.5,-0.76571],[-0.96439,0.5,-2.04726],[2.12956,-0.5,0.76571],[0.96439,-0.5,2.04726],[1.60872,0.5,-1.59165],[0.01207,0.5,-2.263],[-1.60871,0.5,1.59165],[-0.01207,0.5,2.263],[-1.97701,1.20711,-0.07525],[-1.54697,1,-1.40649],[2.12956,0.5,0.76571],[0.96439,0.5,2.04726],[1.76127,1.20711,-0.9012],[0.81039,1,-1.92733],[-1.76127,1.20711,0.9012],[-0.81039,1,1.92733],[-1.39442,1.70711,-0.71603],[1.97701,1.20711,0.07525],[1.54697,1,1.40649],[0.96294,1.70711,-1.23687],[-0.96294,1.70711,1.23687],[-0.59609,2.20711,-0.38036],[1.39442,1.70711,0.71603],[0.38036,2.20711,-0.5961],[-0.38036,2.20711,0.5961],[0.5961,2.20711,0.38036]],"faces":[[0,1,4,2],[3,8,14,7],[5,10,18,11],[6,12,20,13],[9,17,24,16],[15,23,27,19],[21,25,33,29],[22,30,38,31],[26,35,41,34],[28,37,42,36],[32,39,44,40],[43,46,47,45],[0,2,6,13,8,3],[1,5,11,17,9,4],[7,14,22,31,23,15],[10,19,27,35,26,18],[12,21,29,37,28,20],[16,24,32,40,33,25],[30,36,42,46,43,38],[34,41,45,47,44,39],[0,3,7,15,19,10,5,1],[2,4,9,16,25,21,12,6],[8,13,20,28,36,30,22,14],[11,18,26,34,39,32,24,17],[23,31,38,43,45,41,35,27],[29,33,40,44,47,46,42,37]]}