{"name":"truncated tetrahedron","vertices":[[-0.32918,-1.02062,0.47432],[0.57536,-1.02062,0.04792],[-0.65835,-0.20412,0.94863],[-0.24618,-1.02062,-0.52223],[1.15072,-0.20412,0.09583],[-0.90453,0.61237,0.4264],[-0.08299,0.61237,0.99655],[-0.49237,-0.20412,-1.04447],[0.90453,0.61237,-0.4264],[0.82154,0.61237,0.57015],[-0.82154,0.61237,-0.57015],[0.08299,0.61237,-0.99655]],"faces":[[0,3,1],[2,6,5],[4,8,9],[7,10,11],[0,1,4,9,6,2],[0,2,5,10,7,3],[1,3,7,11,8,4],[5,6,9,8,11,10]]}