{"name":"truncated octahedron","vertices":[[-0.31623,-1.41421,0.63246],[0.63246,-1.41421,0.31623],[-0.63246,-0.70711,1.26491],[-0.63246,-1.41421,-0.31623],[1.26491,-0.70711,0.63246],[0.31623,-1.41421,-0.63245],[-1.26491,0,0.94868],[0,0,1.58114],[-1.26491,-0.70711,-0.63246],[1.58114,0,0],[0.94868,0,1.26491],[0.63246,-0.70711,-1.26491],[-0.63246,0.70711,1.26491],[-1.58114,0,0],[-0.94868,0,-1.26491],[1.26491,0.70711,0.63246],[1.26491,0,-0.94868],[0,0,-1.58114],[-0.31623,1.41421,0.63245],[-1.26491,0.70711,-0.63246],[0.63246,1.41421,0.31623],[0.63246,0.70711,-1.26491],[-0.63246,1.41421,-0.31623],[0.31623,1.41421,-0.63246]],"faces":[[0,3,5,1],[2,7,12,6],[4,9,15,10],[8,13,19,14],[11,17,21,16],[18,20,23,22],[0,1,4,10,7,2],[0,2,6,13,8,3],[1,5,11,16,9,4],[3,8,14,17,11,5],[6,12,18,22,19,13],[7,10,15,20,18,12],[9,16,21,23,20,15],[14,19,22,23,21,17]]}