{"name":"truncated icosahedron","vertices":[[-0.35086,-2.32744,0.77492],[0.62858,-2.32744,0.57315],[-0.70171,-1.80171,1.54985],[-0.84542,-2.32744,-0.09422],[1.25715,-1.80171,1.1463],[0.73934,-2.32744,-0.4207],[-1.54713,-1.27598,1.45563],[-0.07314,-1.27598,2.123],[-0.17164,-2.32744,-0.83315],[-1.69083,-1.80171,-0.18844],[1.99649,-1.27597,0.7256],[0.90629,-1.27598,1.92122],[1.47868,-1.80171,-0.84139],[-1.44105,-0.42533,1.97054],[-2.04169,-1.27598,0.58648],[-0.53008,-0.42533,2.383],[-0.34328,-1.80171,-1.66631],[-1.86247,-1.27598,-1.0216],[2.10257,-0.42532,1.24052],[2.10725,-1.27598,-0.26825],[1.42879,-0.42532,1.97945],[1.30704,-1.27598,-1.67455],[-1.82953,0.42533,1.61632],[-2.43017,-0.42533,0.23226],[-0.00758,0.42533,2.44123],[0.39606,-1.27598,-2.08701],[-1.18869,-1.27598,-1.76053],[-2.31941,-0.42533,-0.76159],[2.31941,0.42533,0.76159],[2.32409,-0.42532,-0.74717],[0.97185,0.42533,2.23946],[1.82953,-0.42533,-1.61632],[-1.30704,1.27598,1.67455],[-2.32409,0.42532,0.74717],[-0.39606,1.27598,2.08701],[0.00758,-0.42533,-2.44123],[-0.97185,-0.42533,-2.23946],[-2.10257,0.42532,-1.24052],[1.86247,1.27598,1.0216],[2.43017,0.42533,-0.23226],[1.18869,1.27598,1.76053],[1.44105,0.42533,-1.97054],[-1.47868,1.80171,0.84139],[-2.10725,1.27598,0.26825],[0.34328,1.80171,1.66631],[0.53008,0.42533,-2.383],[-1.42879,0.42532,-1.97945],[-1.99649,1.27597,-0.7256],[1.69083,1.80171,0.18844],[2.04169,1.27598,-0.58648],[1.54713,1.27598,-1.45563],[-0.73934,2.32744,0.4207],[0.17164,2.32744,0.83315],[0.07314,1.27598,-2.123],[-0.90629,1.27598,-1.92122],[-1.25715,1.80171,-1.1463],[0.84542,2.32744,0.09422],[0.70171,1.80171,-1.54985],[-0.62858,2.32744,-0.57315],[0.35086,2.32744,-0.77492]],"faces":[[0,3,8,5,1],[2,7,15,13,6],[4,10,18,20,11],[9,14,23,27,17],[12,21,31,29,19],[16,26,36,35,25],[22,32,42,43,33],[24,30,40,44,34],[28,39,49,48,38],[37,47,55,54,46],[41,45,53,57,50],[51,52,56,59,58],[0,1,4,11,7,2],[0,2,6,14,9,3],[1,5,12,19,10,4],[3,9,17,26,16,8],[5,8,16,25,21,12],[6,13,22,33,23,14],[7,11,20,30,24,15],[10,19,29,39,28,18],[13,15,24,34,32,22],[17,27,37,46,36,26],[18,28,38,40,30,20],[21,25,35,45,41,31],[23,33,43,47,37,27],[29,31,41,50,49,39],[32,34,44,52,51,42],[35,36,46,54,53,45],[38,48,56,52,44,40],[42,51,58,55,47,43],[48,49,50,57,59,56],[53,54,55,58,59,57]]}