{"name":"truncated dodecahedron","vertices":[[-0.44425,-2.91278,0.36875],[0.54147,-2.91278,0.20036],[-1.16307,-2.55596,0.96539],[-0.09722,-2.91278,-0.56911],[1.41758,-2.55596,0.52456],[-1.9791,-1.97861,0.99292],[-1.34042,-1.97861,1.76239],[-0.25451,-2.55596,-1.48994],[2.19648,-1.97861,0.27964],[1.84944,-1.97861,1.21749],[-2.58065,-1.40126,0.44083],[-0.90856,-1.40126,2.45533],[-0.85606,-1.97861,-2.04203],[0.12966,-1.97861,-2.21041],[2.58065,-1.40126,-0.44083],[1.6721,-1.40126,2.0145],[-2.73795,-1.04444,-0.48],[-2.9153,-0.46708,0.317],[-0.84848,-0.46708,2.80705],[-0.03244,-1.04444,2.77952],[-1.6721,-1.40126,-2.0145],[0.90856,-1.40126,-2.45533],[2.42336,-1.04444,-1.36166],[2.85522,-0.46709,-0.66873],[1.73218,-0.46709,2.36622],[0.95328,-1.04444,2.61114],[-2.39091,-1.04444,-1.41786],[-2.85522,0.46709,0.66873],[-1.18312,0.46709,2.68322],[-2.00674,-0.46709,-2.13833],[1.18312,-0.46709,-2.68322],[1.78467,-1.04444,-2.13113],[2.9153,0.46708,-0.317],[2.00674,0.46709,2.13833],[-2.58065,1.40126,0.44083],[-2.42336,1.04444,1.36166],[-1.78467,1.04444,2.13113],[-0.90856,1.40126,2.45533],[-1.73218,0.46709,-2.36622],[0.84848,0.46708,-2.80705],[2.58065,1.40126,-0.44083],[2.73795,1.04444,0.48],[2.39091,1.04444,1.41786],[1.6721,1.40126,2.0145],[-2.19648,1.97861,-0.27964],[-0.12966,1.97861,2.21041],[-1.6721,1.40126,-2.0145],[-0.95328,1.04444,-2.61114],[0.03244,1.04444,-2.77952],[0.90856,1.40126,-2.45533],[1.9791,1.97861,-0.99292],[0.85606,1.97861,2.04203],[-1.84944,1.97861,-1.21749],[-1.41758,2.55596,-0.52456],[0.25451,2.55596,1.48994],[1.34042,1.97861,-1.76239],[1.16307,2.55596,-0.96539],[-0.54147,2.91278,-0.20036],[0.09722,2.91278,0.56911],[0.44425,2.91278,-0.36875]],"faces":[[0,3,1],[2,6,5],[4,8,9],[7,12,13],[10,17,16],[11,19,18],[14,22,23],[15,24,25],[20,26,29],[21,30,31],[27,35,34],[28,37,36],[32,40,41],[33,42,43],[38,46,47],[39,48,49],[44,53,52],[45,51,54],[50,55,56],[57,58,59],[0,1,4,9,15,25,19,11,6,2],[0,2,5,10,16,26,20,12,7,3],[1,3,7,13,21,31,22,14,8,4],[5,6,11,18,28,36,35,27,17,10],[8,14,23,32,41,42,33,24,15,9],[12,20,29,38,47,48,39,30,21,13],[16,17,27,34,44,52,46,38,29,26],[18,19,25,24,33,43,51,45,37,28],[22,31,30,39,49,55,50,40,32,23],[34,35,36,37,45,54,58,57,53,44],[40,50,56,59,58,54,51,43,42,41],[46,52,53,57,59,56,55,49,48,47]]}