{"name":"truncated cube","vertices":[[-0.3987,-1.68252,0.41758],[0.56098,-1.68252,0.13649],[-0.96255,-1.10517,1.00813],[-0.16228,-1.68252,-0.55407],[1.35433,-1.10517,0.32953],[-1.52353,-0.28867,0.87163],[-0.80026,-0.28867,1.5622],[-0.39179,-1.10517,-1.33765],[1.75303,-0.28868,-0.08805],[1.51662,-0.28868,0.8836],[-1.75303,0.28868,0.08805],[-0.00691,0.28868,1.75523],[-0.95277,-0.28868,-1.47414],[0.00691,-0.28868,-1.75523],[1.52353,0.28867,-0.87163],[0.95277,0.28868,1.47414],[-1.51662,0.28868,-0.8836],[-1.35433,1.10517,-0.32953],[0.39179,1.10517,1.33765],[0.80026,0.28867,-1.5622],[0.96255,1.10517,-1.00813],[-0.56098,1.68252,-0.13649],[0.16228,1.68252,0.55407],[0.3987,1.68252,-0.41758]],"faces":[[0,3,1],[2,6,5],[4,8,9],[7,12,13],[10,17,16],[11,15,18],[14,19,20],[21,22,23],[0,1,4,9,15,11,6,2],[0,2,5,10,16,12,7,3],[1,3,7,13,19,14,8,4],[5,6,11,18,22,21,17,10],[8,14,20,23,22,18,15,9],[12,16,17,21,23,20,19,13]]}